);
Description
The ALTER TABLE...SPLIT PARTITION command adds a partition to an existing LIST
or RANGE partitioned table. Please note that the ALTER TABLE… SPLIT PARTITION
command cannot add a partition to a HASH partitioned table. There is no upper limit to
the number of partitions that a table may have.
When you execute an ALTER TABLE...SPLIT PARTITION command, Advanced
Server creates two new partitions, and redistributes the content of the old partition
between them (as constrained by the partitioning rules).
Include the TABLESPACE clause to specify the tablespace in which a partition will reside.
If you do not specify a tablespace, the partition will reside in the default tablespace.
If the table is indexed, the index will be created on the new partition.
Copyright © 2007 - 2018 EnterpriseDB Corporation. All rights reserved. 368
Database Compatibility for Oracle® Developers Guide
To use the ALTER TABLE... SPLIT PARTITION command you must be the table
owner, or have superuser (or administrative) privileges.
Parameters
table_name
The name (optionally schema-qualified) of the partitioned table.
partition_name
The name of the partition that is being split.
new_part1
The name of the first new partition to be created. Partition names must be unique
amongst all partitions and subpartitions, and must follow the naming conventions
for object identifiers.
new_part1 will receive the rows that meet the partitioning constraints specified
in the ALTER TABLE… SPLIT PARTITION command.
new_part2
The name of the second new partition to be created. Partition names must be
unique amongst all partitions and subpartitions, and must follow the naming
conventions for object identifiers.
new_part2 will receive the rows are not directed to new_part1 by the
partitioning constraints specified in the ALTER TABLE… SPLIT PARTITION
command.
range_part_value
Use range_part_value to specify the boundary rules by which to create the
new partition. The partitioning rule must contain at least one column of a data
type that has two operators (i.e., a greater-than-or-equal to operator, and a less-
than operator). Range boundaries are evaluated against a LESS THAN clause and
are non-inclusive; a date boundary of January 1, 2010 will include only those date
values that fall on or before December 31, 2009.
(value[, value]...)
Use value to specify a quoted literal value (or comma-delimited list of literal
values) by which rows will be distributed into partitions. Each partitioning rule
Copyright © 2007 - 2018 EnterpriseDB Corporation. All rights reserved. 369
Database Compatibility for Oracle® Developers Guide
must specify at least one value, but there is no limit placed on the number of
values specified within a rule.
For information about creating a DEFAULT or MAXVALUE partition, see Section
10.4.
tablespace_name
The name of the tablespace in which the partition or subpartition resides.
10.3.4.1 Example - Splitting a LIST Partition
Our example will divide one of the partitions in the list-partitioned sales table into two
new partitions, and redistribute the contents of the partition between them. The sales
table is created with the statement:
CREATE TABLE sales
(
dept_no number,
part_no varchar2,
country varchar2(20),
date date,
amount number
)
PARTITION BY LIST(country)
(
PARTITION europe VALUES('FRANCE', 'ITALY'),
PARTITION asia VALUES('INDIA', 'PAKISTAN'),
PARTITION americas VALUES('US', 'CANADA')
);
The table definition creates three partitions (europe, asia, and americas). The
following command adds rows to each partition:
INSERT INTO sales VALUES
(10, '4519b', 'FRANCE', '17-Jan-2012', '45000'),
(20, '3788a', 'INDIA', '01-Mar-2012', '75000'),
(40, '9519b', 'US', '12-Apr-2012', '145000'),
(20, '3788a', 'PAKISTAN', '04-Jun-2012', '37500'),
(40, '4577b', 'US', '11-Nov-2012', '25000'),
(30, '7588b', 'CANADA', '14-Dec-2012', '50000'),
(30, '9519b', 'CANADA', '01-Feb-2012', '75000'),
(30, '4519b', 'CANADA', '08-Apr-2012', '120000'),
(40, '3788a', 'US', '12-May-2012', '4950'),
(10, '9519b', 'ITALY', '07-Jul-2012', '15000'),
(10, '9519a', 'FRANCE', '18-Aug-2012', '650000'),
(10, '9519b', 'FRANCE', '18-Aug-2012', '650000'),
(20, '3788b', 'INDIA', '21-Sept-2012', '5090'),
(40, '4788a', 'US', '23-Sept-2012', '4950'),
Copyright © 2007 - 2018 EnterpriseDB Corporation. All rights reserved. 370
Database Compatibility for Oracle® Developers Guide
(40, '4788b', 'US', '09-Oct-2012', '15000'),
(20, '4519a', 'INDIA', '18-Oct-2012', '650000'),
(20, '4519b', 'INDIA', '2-Dec-2012', '5090');
The rows are distributed amongst the partitions:
acctg=# SELECT tableoid::regclass, * FROM sales;
tableoid | dept_no | part_no | country | date | amount
----------------+---------+---------+----------+--------------------+--------
sales_americas | 40 | 9519b | US | 12-APR-12 00:00:00 | 145000
sales_americas | 40 | 4577b | US | 11-NOV-12 00:00:00 | 25000
sales_americas | 30 | 7588b | CANADA | 14-DEC-12 00:00:00 | 50000
sales_americas | 30 | 9519b | CANADA | 01-FEB-12 00:00:00 | 75000
sales_americas | 30 | 4519b | CANADA | 08-APR-12 00:00:00 | 120000
sales_americas | 40 | 3788a | US | 12-MAY-12 00:00:00 | 4950
sales_americas | 40 | 4788a | US | 23-SEP-12 00:00:00 | 4950
sales_americas | 40 | 4788b | US | 09-OCT-12 00:00:00 | 15000
sales_europe | 10 | 4519b | FRANCE | 17-JAN-12 00:00:00 | 45000
sales_europe | 10 | 9519b | ITALY | 07-JUL-12 00:00:00 | 15000
sales_europe | 10 | 9519a | FRANCE | 18-AUG-12 00:00:00 | 650000
sales_europe | 10 | 9519b | FRANCE | 18-AUG-12 00:00:00 | 650000
sales_asia | 20 | 3788a | INDIA | 01-MAR-12 00:00:00 | 75000
sales_asia | 20 | 3788a | PAKISTAN | 04-JUN-12 00:00:00 | 37500
sales_asia | 20 | 3788b | INDIA | 21-SEP-12 00:00:00 | 5090
sales_asia | 20 | 4519a | INDIA | 18-OCT-12 00:00:00 | 650000
sales_asia | 20 | 4519b | INDIA | 02-DEC-12 00:00:00 | 5090
(17 rows)
The following command splits the americas partition into two partitions named us and
canada:
ALTER TABLE sales SPLIT PARTITION americas
VALUES ('US')
INTO (PARTITION us, PARTITION canada);
A SELECT statement confirms that the rows have been redistributed:
acctg=# SELECT tableoid::regclass, * FROM sales;
tableoid | dept_no | part_no | country | date | amount
--------------+---------+---------+----------+--------------------+--------
sales_canada | 30 | 7588b | CANADA | 14-DEC-12 00:00:00 | 50000
sales_canada | 30 | 9519b | CANADA | 01-FEB-12 00:00:00 | 75000
sales_canada | 30 | 4519b | CANADA | 08-APR-12 00:00:00 | 120000
sales_europe | 10 | 4519b | FRANCE | 17-JAN-12 00:00:00 | 45000
sales_europe | 10 | 9519b | ITALY | 07-JUL-12 00:00:00 | 15000
sales_europe | 10 | 9519a | FRANCE | 18-AUG-12 00:00:00 | 650000
sales_europe | 10 | 9519b | FRANCE | 18-AUG-12 00:00:00 | 650000
sales_asia | 20 | 3788a | INDIA | 01-MAR-12 00:00:00 | 75000
sales_asia | 20 | 3788a | PAKISTAN | 04-JUN-12 00:00:00 | 37500
sales_asia | 20 | 3788b | INDIA | 21-SEP-12 00:00:00 | 5090
sales_asia | 20 | 4519a | INDIA | 18-OCT-12 00:00:00 | 650000
sales_asia | 20 | 4519b | INDIA | 02-DEC-12 00:00:00 | 5090
sales_us | 40 | 9519b | US | 12-APR-12 00:00:00 | 145000
sales_us | 40 | 4577b | US | 11-NOV-12 00:00:00 | 25000
sales_us | 40 | 3788a | US | 12-MAY-12 00:00:00 | 4950
sales_us | 40 | 4788a | US | 23-SEP-12 00:00:00 | 4950
sales_us | 40 | 4788b | US | 09-OCT-12 00:00:00 | 15000
(17 rows)
Copyright © 2007 - 2018 EnterpriseDB Corporation. All rights reserved. 371
Database Compatibility for Oracle® Developers Guide
10.3.4.2 Example - Splitting a RANGE Partition
This example divides the q4_2012 partition (of the range-partitioned sales table) into
two partitions, and redistribute the partition's contents. Use the following command to
create the sales table:
CREATE TABLE sales
(
dept_no number,
part_no varchar2,
country varchar2(20),
date date,
amount number
)
PARTITION BY RANGE(date)
(
PARTITION q1_2012
VALUES LESS THAN('2012-Apr-01'),
PARTITION q2_2012
VALUES LESS THAN('2012-Jul-01'),
PARTITION q3_2012
VALUES LESS THAN('2012-Oct-01'),
PARTITION q4_2012
VALUES LESS THAN('2013-Jan-01')
);
The table definition creates four partitions (q1_2012, q2_2012, q3_2012, and
q4_2012). The following command adds rows to each partition:
INSERT INTO sales VALUES
(10, '4519b', 'FRANCE', '17-Jan-2012', '45000'),
(20, '3788a', 'INDIA', '01-Mar-2012', '75000'),
(40, '9519b', 'US', '12-Apr-2012', '145000'),
(20, '3788a', 'PAKISTAN', '04-Jun-2012', '37500'),
(40, '4577b', 'US', '11-Nov-2012', '25000'),
(30, '7588b', 'CANADA', '14-Dec-2012', '50000'),
(30, '9519b', 'CANADA', '01-Feb-2012', '75000'),
(30, '4519b', 'CANADA', '08-Apr-2012', '120000'),
(40, '3788a', 'US', '12-May-2012', '4950'),
(10, '9519b', 'ITALY', '07-Jul-2012', '15000'),
(10, '9519a', 'FRANCE', '18-Aug-2012', '650000'),
(10, '9519b', 'FRANCE', '18-Aug-2012', '650000'),
(20, '3788b', 'INDIA', '21-Sept-2012', '5090'),
(40, '4788a', 'US', '23-Sept-2012', '4950'),
(40, '4788b', 'US', '09-Oct-2012', '15000'),
(20, '4519a', 'INDIA', '18-Oct-2012', '650000'),
(20, '4519b', 'INDIA', '2-Dec-2012', '5090');
Copyright © 2007 - 2018 EnterpriseDB Corporation. All rights reserved. 372
Database Compatibility for Oracle® Developers Guide
A SELECT statement confirms that the rows are distributed amongst the partitions as
expected:
acctg=# SELECT tableoid::regclass, * FROM sales;
tableoid | dept_no | part_no | country | date | amount
---------------+---------+---------+----------+--------------------+--------
sales_q1_2012 | 10 | 4519b | FRANCE | 17-JAN-12 00:00:00 | 45000
sales_q1_2012 | 20 | 3788a | INDIA | 01-MAR-12 00:00:00 | 75000
sales_q1_2012 | 30 | 9519b | CANADA | 01-FEB-12 00:00:00 | 75000
sales_q2_2012 | 40 | 9519b | US | 12-APR-12 00:00:00 | 145000
sales_q2_2012 | 20 | 3788a | PAKISTAN | 04-JUN-12 00:00:00 | 37500
sales_q2_2012 | 30 | 4519b | CANADA | 08-APR-12 00:00:00 | 120000
sales_q2_2012 | 40 | 3788a | US | 12-MAY-12 00:00:00 | 4950
sales_q3_2012 | 10 | 9519b | ITALY | 07-JUL-12 00:00:00 | 15000
sales_q3_2012 | 10 | 9519a | FRANCE | 18-AUG-12 00:00:00 | 650000
sales_q3_2012 | 10 | 9519b | FRANCE | 18-AUG-12 00:00:00 | 650000
sales_q3_2012 | 20 | 3788b | INDIA | 21-SEP-12 00:00:00 | 5090
sales_q3_2012 | 40 | 4788a | US | 23-SEP-12 00:00:00 | 4950
sales_q4_2012 | 40 | 4577b | US | 11-NOV-12 00:00:00 | 25000
sales_q4_2012 | 30 | 7588b | CANADA | 14-DEC-12 00:00:00 | 50000
sales_q4_2012 | 40 | 4788b | US | 09-OCT-12 00:00:00 | 15000
sales_q4_2012 | 20 | 4519a | INDIA | 18-OCT-12 00:00:00 | 650000
sales_q4_2012 | 20 | 4519b | INDIA | 02-DEC-12 00:00:00 | 5090
(17 rows)
The following command splits the q4_2012 partition into two partitions named
q4_2012_p1 and q4_2012_p2:
ALTER TABLE sales SPLIT PARTITION q4_2012
AT ('15-Nov-2012')
INTO
(
PARTITION q4_2012_p1,
PARTITION q4_2012_p2
);
A SELECT statement confirms that the rows have been redistributed across the new
partitions:
acctg=# SELECT tableoid::regclass, * FROM sales;
tableoid | dept_no | part_no | country | date |amount
------------------+---------+---------+----------+--------------------+------
sales_q1_2012 | 10 | 4519b | FRANCE | 17-JAN-12 00:00:00 | 45000
sales_q1_2012 | 20 | 3788a | INDIA | 01-MAR-12 00:00:00 | 75000
sales_q1_2012 | 30 | 9519b | CANADA | 01-FEB-12 00:00:00 | 75000
sales_q2_2012 | 40 | 9519b | US | 12-APR-12 00:00:00 |145000
sales_q2_2012 | 20 | 3788a | PAKISTAN | 04-JUN-12 00:00:00 | 37500
sales_q2_2012 | 30 | 4519b | CANADA | 08-APR-12 00:00:00 |120000
sales_q2_2012 | 40 | 3788a | US | 12-MAY-12 00:00:00 | 4950
sales_q3_2012 | 10 | 9519b | ITALY | 07-JUL-12 00:00:00 | 15000
sales_q3_2012 | 10 | 9519a | FRANCE | 18-AUG-12 00:00:00 |650000
sales_q3_2012 | 10 | 9519b | FRANCE | 18-AUG-12 00:00:00 |650000
sales_q3_2012 | 20 | 3788b | INDIA | 21-SEP-12 00:00:00 | 5090
sales_q3_2012 | 40 | 4788a | US | 23-SEP-12 00:00:00 | 4950
sales_q4_2012_p1 | 40 | 4577b | US | 11-NOV-12 00:00:00 | 25000
sales_q4_2012_p1 | 40 | 4788b | US | 09-OCT-12 00:00:00 | 15000
sales_q4_2012_p1 | 20 | 4519a | INDIA | 18-OCT-12 00:00:00 |650000
Copyright © 2007 - 2018 EnterpriseDB Corporation. All rights reserved. 373
Database Compatibility for Oracle® Developers Guide
sales_q4_2012_p2 | 30 | 7588b | CANADA | 14-DEC-12 00:00:00 | 50000
sales_q4_2012_p2 | 20 | 4519b | INDIA | 02-DEC-12 00:00:00 | 5090
(17 rows)
Copyright © 2007 - 2018 EnterpriseDB Corporation. All rights reserved. 374
Database Compatibility for Oracle® Developers Guide
10.3.5 ALTER TABLE...SPLIT SUBPARTITION
Use the ALTER TABLE… SPLIT SUBPARTITION command to divide a single
subpartition into two subpartitions, and redistribute the subpartition's contents. The
command comes in two variations.
The first variation splits a range subpartition into two subpartitions:
ALTER TABLE table_name SPLIT SUBPARTITION subpartition_name
AT (range_part_value)
INTO
(
SUBPARTITION new_subpart1
[TABLESPACE tablespace_name],
SUBPARTITION new_subpart2
[TABLESPACE tablespace_name]
);
The second variation splits a list subpartition into two subpartitions:
ALTER TABLE table_name SPLIT SUBPARTITION subpartition_name
VALUES (value[, value]...)
INTO
(
SUBPARTITION new_subpart1
[TABLESPACE tablespace_name],
SUBPARTITION new_subpart2
[TABLESPACE tablespace_name]
);
Description
The ALTER TABLE...SPLIT SUBPARTITION command adds a subpartition to an
existing subpartitioned table. There is no upper limit to the number of defined
subpartitions. When you execute an ALTER TABLE...SPLIT SUBPARTITION
command, Advanced Server creates two new subpartitions, moving any rows that contain
values that are constrained by the specified subpartition rules into new_subpart1, and
any remaining rows into new_subpart2.
The new subpartition rules must reference the column specified in the rules that define
the existing subpartition(s).
Include the TABLESPACE clause to specify a tablespace in which a new subpartition will
reside. If you do not specify a tablespace, the subpartition will be created in the default
tablespace.
Copyright © 2007 - 2018 EnterpriseDB Corporation. All rights reserved. 375
Database Compatibility for Oracle® Developers Guide
If the table is indexed, the index will be created on the new subpartition.
To use the ALTER TABLE... SPLIT SUBPARTITION command you must be the table
owner, or have superuser (or administrative) privileges.
Parameters
table_name
The name (optionally schema-qualified) of the partitioned table.
subpartition_name
The name of the subpartition that is being split.
new_subpart1
The name of the first new subpartition to be created. Subpartition names must be
unique amongst all partitions and subpartitions, and must follow the naming
conventions for object identifiers.
new_subpart1 will receive the rows that meet the subpartitioning constraints
specified in the ALTER TABLE… SPLIT SUBPARTITION command.
new_subpart2
The name of the second new subpartition to be created. Subpartition names must
be unique amongst all partitions and subpartitions, and must follow the naming
conventions for object identifiers.
new_subpart2 will receive the rows are not directed to new_subpart1 by the
subpartitioning constraints specified in the ALTER TABLE… SPLIT
SUBPARTITION command.
(value[, value]...)
Use value to specify a quoted literal value (or comma-delimited list of literal
values) by which table entries will be grouped into partitions. Each partitioning
rule must specify at least one value, but there is no limit placed on the number of
values specified within a rule. value may also be NULL, DEFAULT (if specifying
a LIST subpartition), or MAXVALUE (if specifying a RANGE subpartition).
For information about creating a DEFAULT or MAXVALUE partition, see Section
10.4.
tablespace_name
Copyright © 2007 - 2018 EnterpriseDB Corporation. All rights reserved. 376
Database Compatibility for Oracle® Developers Guide
The name of the tablespace in which the partition or subpartition resides.
10.3.5.1 Example - Splitting a LIST Subpartition
The following example splits a list subpartition, redistributing the subpartition's contents
between two new subpartitions. The sample table (sales) was created with the
command:
CREATE TABLE sales
(
dept_no number,
part_no varchar2,
country varchar2(20),
date date,
amount number
)
PARTITION BY RANGE(date)
SUBPARTITION BY LIST (country)
(
PARTITION first_half_2012 VALUES LESS THAN('01-JUL-2012')
(
SUBPARTITION p1_europe VALUES ('ITALY', 'FRANCE'),
SUBPARTITION p1_americas VALUES ('US', 'CANADA')
),
PARTITION second_half_2012 VALUES LESS THAN('01-JAN-2013')
(
SUBPARTITION p2_europe VALUES ('ITALY', 'FRANCE'),
SUBPARTITION p2_americas VALUES ('US', 'CANADA')
)
);
The sales table has two partitions, named first_half_2012, and
second_half_2012. Each partition has two range-defined subpartitions that distribute
the partition's contents into subpartitions based on the value of the country column: