\|
+\-\-\-\-\--+\-\-\-\-\--+\-\-\-\-\-\-\-\-\-\-\--+\-\-\-\-\-\-\-\-\--+\-\-\-\-\-\-\-\-\-\-\-\-\-\-\-\-\-\-\-\--+\-\-\-\-\--+
2 rows in set (0.00 sec)
# NSD DBA1 DAY02
![](media/image17.png){width="4.971527777777778in"
height="3.286111111111111in"}
## 约束条件：（表结构）
![LINUXNSD_V01DBA1DAY02_004](media/image18.png){width="5.652777777777778in"
height="3.686111111111111in"}
Null 空值:"" "null" 都不是空值
Key 键值
Default 字段的默认值
Extra 额外设置
### 操作案例
mysql\> select database(); #查看当前所在库
+\-\-\-\-\-\-\-\-\-\-\--+
\| database() \|
+\-\-\-\-\-\-\-\-\-\-\--+
\| db2 \|
+\-\-\-\-\-\-\-\-\-\-\--+
1 row in set (0.00 sec)
mysql\> create table t1( #在当前库中创建t1表
-\> name char(10) not null, #name 不为空
-\> age tinyint unsigned not null default 18, #age不为空，默认值18
-\> likes set(\"eat\",\"game\",\"film\") default \"eat\" );
#likes枚举型set,默认值eat
Query OK, 0 rows affected (0.34 sec)
mysql\> desc t1; #查看t1表结构
+\-\-\-\-\-\--+\-\-\-\-\-\-\-\-\-\-\-\-\-\-\-\-\-\-\-\-\-\-\-\-\--+\-\-\-\-\-\-\--+\-\-\-\--+\-\-\-\-\-\-\-\--+\-\-\-\-\-\--+
\| Field \| Type \| Null \| Key \| Default \| Extra \|
+\-\-\-\-\-\--+\-\-\-\-\-\-\-\-\-\-\-\-\-\-\-\-\-\-\-\-\-\-\-\-\--+\-\-\-\-\-\-\-\--+\-\-\-\--+\-\-\-\-\-\-\-\--+\-\-\-\-\-\--+
\| name \| char(10) \| NO \| \| NULL \| \|
\| age \| tinyint(3) unsigned \| NO \| \| 18 \| \|
\| likes \| set(\'eat\',\'game\',\'film\') \| YES \| \| eat \| \|
+\-\-\-\-\-\--+\-\-\-\-\-\-\-\-\-\-\-\-\-\-\-\-\-\-\-\-\-\-\-\-\--+\-\-\-\-\--+\-\-\-\--+\-\-\-\-\-\-\-\--+\-\-\-\-\-\--+
3 rows in set (0.00 sec)
#### Default约束条件(字段默认)
mysql\> insert into t1(name) values(\"bob\");
Query OK, 1 row affected (0.03 sec)
mysql\> select \* from t1 ;
+\-\-\-\-\--+\-\-\-\--+\-\-\-\-\-\--+
\| name \| age \| likes \|
+\-\-\-\-\--+\-\-\-\--+\-\-\-\-\-\--+
\| bob \| 18 \| eat \| #age自动插入18,likes自动插入eat
+\-\-\-\-\--+\-\-\-\--+\-\-\-\-\-\--+
1 row in set (0.00 sec)
mysql\> insert into t1 values(\"tom\",21,\"film\");
Query OK, 1 row affected (0.03 sec)
mysql\> select \* from t1;
+\-\-\-\-\--+\-\-\-\--+\-\-\-\-\-\--+
\| name \| age \| likes \|
+\-\-\-\-\--+\-\-\-\--+\-\-\-\-\-\--+
\| bob \| 18 \| eat \|
\| tom \| 21 \| film \|
+\-\-\-\-\--+\-\-\-\--+\-\-\-\-\-\--+
2 rows in set (0.00 sec)
#### Null约束条件
mysql\> insert into t1 values(null,31,\"film\");
ERROR 1048 (23000): Column \'name\' cannot be null
mysql\> insert into t1 values(\"\",31,\"film\");
Query OK, 1 row affected (0.05 sec)
mysql\> insert into t1 values(\"null\",31,\"film\");
Query OK, 1 row affected (0.05 sec)
mysql\> select \* from t1;
+\-\-\-\-\--+\-\-\-\--+\-\-\-\-\-\--+
\| name \| age \| likes \|
+\-\-\-\-\--+\-\-\-\--+\-\-\-\-\-\--+
\| bob \| 18 \| eat \|
\| tom \| 21 \| film \|
\| \| 31 \| film \| #insert into ti values(\"\",31,\"film\");
\| null \| 31 \| film \| #insert into t1 values(\"null\",31,\"film\");
+\-\-\-\-\--+\-\-\-\--+\-\-\-\-\-\--+
4 rows in set (0.00 sec)
## 修改表结构
![](media/image19.png){width="5.345833333333333in"
height="2.348611111111111in"}
![](media/image20.png){width="5.603472222222222in"
height="2.095138888888889in"}
### 表中添加新字段（alter .. add）：
基本用法：
alter table 表名 add 字段名 类型 约束条件; #默认在最后添加
alter table 表名 add 字段名 类型 约束条件 after 字段名a; #字段a后面添加
alter table 表名 add 字段名 类型 约束条件 first; #表最前面添加
mysql\> show tables;
+\-\-\-\-\-\-\-\-\-\-\-\-\-\--+
\| Tables_in_db2 \|
+\-\-\-\-\-\-\-\-\-\-\-\-\-\--+
\| t1 \|
+\-\-\-\-\-\-\-\-\-\-\-\-\-\--+
1 row in set (0.00 sec)
#### first表最前面添加新字段：
mysql\> alter table t1 add class char(7) default \"nsd1811\" first;
Query OK, 0 rows affected (0.49 sec)
Records: 0 Duplicates: 0 Warnings: 0
#### 同时添加两个新字段
mysql\> alter table t1 add email varchar(30),add qq varchar(11);
Query OK, 0 rows affected (0.61 sec)
Records: 0 Duplicates: 0 Warnings: 0
#### after在某字段后面添加新字段
mysql\> alter table t1 add sex enum(\"man\",\"woman\",\"no\") default
\"no\" after name;
Query OK, 0 rows affected (0.38 sec)
Records: 0 Duplicates: 0 Warnings: 0
mysql\> desc t1;
+\-\-\-\-\-\--+\-\-\-\-\-\-\-\-\-\-\-\-\-\-\-\-\-\-\-\-\-\-\-\-\-\-\-\-\-\-\-\-\-\-\--+\-\-\-\-\-\-\-\-\--+\-\-\-\--+\-\-\-\-\-\-\-\--+\-\-\-\-\-\--+
\| Field \| Type \| Null \| Key \| Default \| Extra \|
+\-\-\-\-\-\--+\-\-\-\-\-\-\-\-\-\-\-\-\-\-\-\-\-\-\-\-\-\-\-\-\-\-\-\-\-\-\-\-\-\-\-\-\-\--+\-\-\-\-\-\-\-\-\--+\-\-\-\--+\-\-\-\-\-\-\-\--+\-\-\-\-\-\--+
\| class \| char(7) \| YES \| \| nsd1811 \| \|
\| name \| char(10) \| NO \| \| NULL \| \|
\| sex \| enum(\'man\',\'woman\',\'no\') \| YES \| \| no \| \|
\| age \| tinyint(3) unsigned \| NO \| \| 18 \| \|
\| likes \| set(\'eat\',\'game\',\'film\') \| YES \| \| eat \| \|
\| email \| varchar(30) \| YES \| \| NULL \| \|
\| qq \| varchar(11) \| YES \| \| NULL \| \|
+\-\-\-\-\-\--+\-\-\-\-\-\-\-\-\-\-\-\-\-\-\-\-\-\-\-\-\-\-\-\-\--+\-\-\-\-\--+\-\-\-\--+\-\-\-\-\-\-\-\--+\-\-\-\-\-\--+
7 rows in set (0.00 sec)
### 修改字段类型（modify）
基本用法：
Alter table 表名 modify 字段名 类型（宽度） 约束条件;
Alter table 表名 modify 字段名 类型(宽度) 约束条件 after 字段a;
#将字段放字段a后
Alter table 表名modify 字段名 类型（宽度） 约束条件 first;
1.  修改哪一部分就写新的，不修改就原样复制（否则变成默认值），
2.  如果该字段已有数据，修改的约束条件不能与原数据冲突
#### 修改前表结构和表内容：
mysql\> desc t1 ;
+\-\-\-\-\-\--+\-\-\-\-\-\-\-\-\-\-\-\-\-\-\-\-\-\-\-\-\-\-\-\-\--+\-\-\-\-\--+\-\-\-\--+\-\-\-\-\-\-\-\--+\-\-\-\-\-\--+
\| Field \| Type \| Null \| Key \| Default \| Extra \|
+\-\-\-\-\-\--+\-\-\-\-\-\-\-\-\-\-\-\-\-\-\-\-\-\-\-\-\-\-\-\-\--+\-\-\-\-\--+\-\-\-\--+\-\-\-\-\-\-\-\--+\-\-\-\-\-\--+
\| class \| char(7) \| YES \| \| nsd1811 \| \|
\| name \| char(10) \| NO \| \| NULL \| \|
\| sex \| enum(\'man\',\'woman\',\'no\') \| YES \| \| no \| \|
\| age \| tinyint(3) unsigned \| NO \| \| 18 \| \|
\| likes \| set(\'eat\',\'game\',\'film\') \| YES \| \| eat \| \|
\| email \| varchar(30) \| YES \| \| NULL \| \|
\| qq \| varchar(11) \| YES \| \| NULL \| \|
+\-\-\-\-\-\--+\-\-\-\-\-\-\-\-\-\-\-\-\-\-\-\-\-\-\-\-\-\-\-\-\--+\-\-\-\-\--+\-\-\-\--+\-\-\-\-\-\-\-\--+\-\-\-\-\-\--+
7 rows in set (0.00 sec)
mysql\> select \* from t1;
+\-\-\-\-\-\-\-\--+\-\-\-\-\--+\-\-\-\-\--+\-\-\-\--+\-\-\-\-\-\--+\-\-\-\-\-\--+\-\-\-\-\--+
\| class \| name \| sex \| age \| likes \| email \| qq \|
+\-\-\-\-\-\-\-\--+\-\-\-\-\--+\-\-\-\-\--+\-\-\-\--+\-\-\-\-\-\--+\-\-\-\-\-\--+\-\-\-\-\--+
\| nsd1811 \| bob \| no \| 18 \| eat \| NULL \| NULL \|
\| nsd1811 \| tom \| no \| 21 \| film \| NULL \| NULL \|
\| nsd1811 \| \| no \| 31 \| film \| NULL \| NULL \|
\| nsd1811 \| null \| no \| 31 \| film \| NULL \| NULL \|
+\-\-\-\-\-\-\-\--+\-\-\-\-\--+\-\-\-\-\--+\-\-\-\--+\-\-\-\-\-\--+\-\-\-\-\-\--+\-\-\-\-\--+
4 rows in set (0.00 sec)
mysql\> alter table t1 modify sex enum(\'man\',\'woman\',\'no\') not
null default \"no\";
Query OK, 0 rows affected (0.36 sec)
Records: 0 Duplicates: 0 Warnings: 0
mysql\> alter table t1 modify class varchar(15);
Query OK, 4 rows affected (0.41 sec)
Records: 4 Duplicates: 0 Warnings: 0
mysql\> alter table t1 modify age tinyint(3) unsigned not null default
18 after name;
Query OK, 0 rows affected (0.47 sec)
Records: 0 Duplicates: 0 Warnings: 0
#### 修改后表结构和表内容
mysql\> desc t1;
+\-\-\-\-\-\--+\-\-\-\-\-\-\-\-\-\-\-\-\-\-\-\-\-\-\-\-\-\-\-\-\--+\-\-\-\-\--+\-\-\-\--+\-\-\-\-\-\-\-\--+\-\-\-\-\-\--+
\| Field \| Type \| Null \| Key \| Default \| Extra \|
+\-\-\-\-\-\--+\-\-\-\-\-\-\-\-\-\-\-\-\-\-\-\-\-\-\-\-\-\-\-\-\--+\-\-\-\-\--+\-\-\-\--+\-\-\-\-\-\-\-\--+\-\-\-\-\-\--+
\| class \| varchar(15) \| YES \| \| NULL \| \|
\| name \| char(10) \| NO \| \| NULL \| \|
\| age \| tinyint(3) unsigned \| NO \| \| 18 \| \| #在sex前面了
\| sex \| enum(\'man\',\'woman\',\'no\') \| NO \| \| no \| \|
\| likes \| set(\'eat\',\'game\',\'film\') \| YES \| \| eat \| \|
\| email \| varchar(30) \| YES \| \| NULL \| \|
\| qq \| varchar(11) \| YES \| \| NULL \| \|
+\-\-\-\-\-\--+\-\-\-\-\-\-\-\-\-\-\-\-\-\-\-\-\-\-\-\-\-\-\-\-\--+\-\-\-\-\--+\-\-\-\--+\-\-\-\-\-\-\-\--+\-\-\-\-\-\--+
7 rows in set (0.00 sec)
mysql\> select \* from t1;
+\-\-\-\-\-\-\-\--+\-\-\-\-\--+\-\-\-\--+\-\-\-\--+\-\-\-\-\-\--+\-\-\-\-\-\--+\-\-\-\-\--+
\| class \| name \| age \| sex \| likes \| email \| qq \|
+\-\-\-\-\-\-\-\--+\-\-\-\-\--+\-\-\-\--+\-\-\-\--+\-\-\-\-\-\--+\-\-\-\-\-\--+\-\-\-\-\--+
\| nsd1811 \| bob \| 18 \| no \| eat \| NULL \| NULL \|
\| nsd1811 \| tom \| 21 \| no \| film \| NULL \| NULL \|
\| nsd1811 \| \| 31 \| no \| film \| NULL \| NULL \|
\| nsd1811 \| null \| 31 \| no \| film \| NULL \| NULL \|
+\-\-\-\-\-\-\-\--+\-\-\-\-\--+\-\-\-\--+\-\-\-\--+\-\-\-\-\-\--+\-\-\-\-\-\--+\-\-\-\-\--+
4 rows in set (0.00 sec)
### 修改字段名（change）
基本用法：
Alter table表名 change 源字段名 新字段名 类型(宽度) 约束条件;
当跟新类型和约束条件时，也可修改字段类型
mysql\> alter table t1 change email mail varchar(30);
Query OK, 0 rows affected (0.06 sec)
Records: 0 Duplicates: 0 Warnings: 0
mysql\> desc t1;
+\-\-\-\-\-\--+\-\-\-\-\-\-\-\-\-\-\-\-\-\-\-\-\-\-\-\-\-\-\-\-\--+\-\-\-\-\--+\-\-\-\--+\-\-\-\-\-\-\-\--+\-\-\-\-\-\--+
\| Field \| Type \| Null \| Key \| Default \| Extra \|
+\-\-\-\-\-\--+\-\-\-\-\-\-\-\-\-\-\-\-\-\-\-\-\-\-\-\-\-\-\-\-\--+\-\-\-\-\--+\-\-\-\--+\-\-\-\-\-\-\-\--+\-\-\-\-\-\--+
\| class \| varchar(15) \| YES \| \| NULL \| \|
\| name \| char(10) \| NO \| \| NULL \| \|
\| age \| tinyint(3) unsigned \| NO \| \| 18 \| \|
\| sex \| enum(\'man\',\'woman\',\'no\') \| NO \| \| no \| \|
\| likes \| set(\'eat\',\'game\',\'film\') \| YES \| \| eat \| \|
\| mail \| varchar(30) \| YES \| \| NULL \| \|
\| qq \| varchar(11) \| YES \| \| NULL \| \|
+\-\-\-\-\-\--+\-\-\-\-\-\-\-\-\-\-\-\-\-\-\-\-\-\-\-\-\-\-\-\-\--+\-\-\-\-\--+\-\-\-\--+\-\-\-\-\-\-\-\--+\-\-\-\-\-\--+
7 rows in set (0.00 sec)
### 删除字段名（drop）
基本用法：
Alter table 表名 drop 字段名1；
Alter table 表名 drop 字段名1，drop 字段名2；
mysql\> alter table t1 drop mail , drop qq;
Query OK, 0 rows affected (0.41 sec)
Records: 0 Duplicates: 0 Warnings: 0
mysql\> desc t1;
+\-\-\-\-\-\--+\-\-\-\-\-\-\-\-\-\-\-\-\-\-\-\-\-\-\-\-\-\-\-\-\--+\-\-\-\-\--+\-\-\-\--+\-\-\-\-\-\-\-\--+\-\-\-\-\-\--+
\| Field \| Type \| Null \| Key \| Default \| Extra \|
+\-\-\-\-\-\--+\-\-\-\-\-\-\-\-\-\-\-\-\-\-\-\-\-\-\-\-\-\-\-\-\--+\-\-\-\-\--+\-\-\-\--+\-\-\-\-\-\-\-\--+\-\-\-\-\-\--+
\| class \| varchar(15) \| YES \| \| NULL \| \|
\| name \| char(10) \| NO \| \| NULL \| \|
\| age \| tinyint(3) unsigned \| NO \| \| 18 \| \|
\| sex \| enum(\'man\',\'woman\',\'no\') \| NO \| \| no \| \|
\| likes \| set(\'eat\',\'game\',\'film\') \| YES \| \| eat \| \|
+\-\-\-\-\-\--+\-\-\-\-\-\-\-\-\-\-\-\-\-\-\-\-\-\-\-\-\-\-\-\-\--+\-\-\-\-\--+\-\-\-\--+\-\-\-\-\-\-\-\--+\-\-\-\-\-\--+
5 rows in set (0.00 sec)
### 修改表名（rename）
基本用法：Alter table 表名 rename 新表名
修改表名之后
mysql\> show tables;
+\-\-\-\-\-\-\-\-\-\-\-\-\-\--+
\| Tables_in_db2 \|
+\-\-\-\-\-\-\-\-\-\-\-\-\-\--+
\| t1 \|
+\-\-\-\-\-\-\-\-\-\-\-\-\-\--+
1 row in set (0.00 sec)
mysql\> alter table t1 rename stuinfo;
Query OK, 0 rows affected (0.08 sec)
mysql\> show tables ;
+\-\-\-\-\-\-\-\-\-\-\-\-\-\--+
\| Tables_in_db2 \|
+\-\-\-\-\-\-\-\-\-\-\-\-\-\--+
\| stuinfo \|
+\-\-\-\-\-\-\-\-\-\-\-\-\-\--+
1 row in set (0.00 sec)
mysql\> system ls /var/lib/mysql/db2
db.opt stuinfo.frm stuinfo.ibd
### 清空表数据,结构不变(delete)
mysql\> select \* from stuinfo;
+\-\-\-\-\-\-\-\--+\-\-\-\-\--+\-\-\-\--+\-\-\-\--+\-\-\-\-\-\--+
\| class \| name \| age \| sex \| likes \|
+\-\-\-\-\-\-\-\--+\-\-\-\-\--+\-\-\-\--+\-\-\-\--+\-\-\-\-\-\--+
\| nsd1811 \| bob \| 18 \| no \| eat \|
\| nsd1811 \| tom \| 21 \| no \| film \|
\| nsd1811 \| \| 31 \| no \| film \|
\| nsd1811 \| null \| 31 \| no \| film \|
+\-\-\-\-\-\-\-\--+\-\-\-\-\--+\-\-\-\--+\-\-\-\--+\-\-\-\-\-\--+