alter table 表名 drop primarey key;
主键删除后,字段可以有重复数据了,但是空值不行,需要修改
mysql\> desc t3 ;
+\-\-\-\-\-\-\-\--+\-\-\-\-\-\-\-\-\--+\-\-\-\-\--+\-\-\-\--+\-\-\-\-\-\-\-\--+\-\-\-\-\-\--+
\| Field \| Type \| Null \| Key \| Default \| Extra \|
+\-\-\-\-\-\-\-\--+\-\-\-\-\-\-\-\-\--+\-\-\-\-\--+\-\-\-\--+\-\-\-\-\-\-\-\--+\-\-\-\-\-\--+
\| stu_num \| char(9) \| NO \| PRI \| NULL \| \|
\| name \| char(10) \| YES \| \| NULL \| \|
\| age \| int(11) \| YES \| \| NULL \| \|
+\-\-\-\-\-\-\-\--+\-\-\-\-\-\-\-\-\--+\-\-\-\-\--+\-\-\-\--+\-\-\-\-\-\-\-\--+\-\-\-\-\-\--+
3 rows in set (0.00 sec)
mysql\> alter table t3 drop primary key;
Query OK, 0 rows affected (0.39 sec)
Records: 0 Duplicates: 0 Warnings: 0
mysql\> desc t3;
+\-\-\-\-\-\-\-\-\-\--+\-\-\-\-\-\-\-\-\-\-\-\--+\-\-\-\-\--+\-\-\-\--+\-\-\-\-\-\-\-\--+\-\-\-\-\-\--+
\| Field \| Type \| Null \| Key \| Default \| Extra \|
+\-\-\-\-\-\-\-\-\-\--+\-\-\-\-\-\-\-\-\-\-\-\--+\-\-\-\-\--+\-\-\-\--+\-\-\-\-\-\-\-\--+\-\-\-\-\-\--+
\| stu_num \| char(9) \| NO \| \| NULL \| \|
\| name \| char(10) \| YES \| \| NULL \| \|
\| age \| int(11) \| YES \| \| NULL \| \|
+\-\-\-\-\-\-\-\-\-\-\--+\-\-\-\-\-\-\-\-\-\-\--+\-\-\-\-\-\--+\-\-\-\--+\-\-\-\-\-\-\-\--+\-\-\-\-\-\--+
3 rows in set (0.00 sec)
#### 创建复合主键(必须同时添加):
复合主键作用:插入多条数据,只要复合主键的值没有同时重复,即可插入成功,
mysql\> create table t5(
-\> name char(10),
-\> class char(7),
-\> status enum(\"yes\",\"no\"),
-\> primary key (name,class) );
Query OK, 0 rows affected (0.19 sec)
mysql\> desc t5;
+\-\-\-\-\-\-\--+\-\-\-\-\-\-\-\-\-\-\-\-\-\-\-\-\--+\-\-\-\-\--+\-\-\-\--+\-\-\-\-\-\-\-\--+\-\-\-\-\-\--+
\| Field \| Type \| Null \| Key \| Default \| Extra \|
+\-\-\-\-\-\-\--+\-\-\-\-\-\-\-\-\-\-\-\-\-\-\-\-\--+\-\-\-\-\--+\-\-\-\--+\-\-\-\-\-\-\-\--+\-\-\-\-\-\--+
\| name \| char(10) \| NO \| PRI \| NULL \| \|
\| class \| char(7) \| NO \| PRI \| NULL \| \|
\| status \| enum(\'yes\',\'no\') \| YES \| \| NULL \| \|
+\-\-\-\-\-\-\--+\-\-\-\-\-\-\-\-\-\-\-\-\-\-\-\-\--+\-\-\-\-\--+\-\-\-\--+\-\-\-\-\-\-\-\--+\-\-\-\-\-\--+
3 rows in set (0.00 sec)
**验证插入多条数据,只要复合主键的值没有同时重复,即可插入成功,**
mysql\> insert into t5 values(\"bob\",\"1811\",\"no\");
Query OK, 1 row affected (0.04 sec)
mysql\> insert into t5 values(\"bob\",\"1811\",\"yes\");
ERROR 1062 (23000): Duplicate entry \'bob-1811\' for key \'PRIMARY\'
mysql\> insert into t5 values(\"bob\",\"1812\",\"yes\");
Query OK, 1 row affected (0.05 sec)
mysql\> insert into t5 values(\"dc\",\"1812\",\"no\");
Query OK, 1 row affected (0.03 sec)
mysql\> select \* from t5;
+\-\-\-\-\--+\-\-\-\-\-\--+\-\-\-\-\-\-\--+
\| name \| class \| status \|
+\-\-\-\-\--+\-\-\-\-\-\--+\-\-\-\-\-\-\--+
\| bob \| 1811 \| no \|
\| bob \| 1812 \| yes \|
\| dc \| 1812 \| no \|
+\-\-\-\-\--+\-\-\-\-\-\--+\-\-\-\-\-\-\--+
3 rows in set (0.00 sec)
#### 与auto_increment(自增长)连用
Auto_increment:作用是让字段的值自增长
字段类型必须是数值类型,且必须是主键
如果定义自增长的字段的值,就不自增长添加,按照你定义的值添加,添加的不能重复
自增长的值都是按照上一条数据的值自增长1,不管数据有没有被删除
mysql\> create table t6(
-\> id int primary key auto_increment,
-\> name char(10),
-\> sex enum(\"man\",\"woman\") );
Query OK, 0 rows affected (0.34 sec)
mysql\> desc t6 ;
(字段名   ＋字段类型 ＋是否为空＋是否为主键＋默认值＋描述信息）
+\-\-\-\-\-\--+\-\-\-\-\-\-\-\-\-\-\-\-\-\-\-\-\-\-\-\-\-\-\-\-\-\-\-\-\-\--+\-\-\-\-\-\-\--+\-\-\-\-\-\-\--+\-\-\-\-\-\-\-\--+\-\-\-\-\-\-\-\-\-\-\-\-\-\-\--+
\| Field \| Type \| Null \| Key \| Default \| Extra \|
+\-\-\-\-\-\--+\-\-\-\-\-\-\-\-\-\-\-\-\-\-\-\-\-\-\-\-\-\-\-\-\-\-\-\-\--+\-\-\-\-\-\-\--+\-\-\-\--+\-\-\-\-\-\-\-\--+\-\-\-\-\-\-\-\-\-\-\-\-\-\-\--+
\| id \| int(11) \| NO \| PRI \| NULL \| auto_increment \|
\| name \| char(10) \| YES \| \| NULL \| \|
\| sex \| enum(\'man\',\'woman\') \| YES \| \| NULL \| \|
+\-\-\-\-\-\--+\-\-\-\-\-\-\-\-\-\-\-\-\-\-\-\-\-\-\-\--+\-\-\-\-\--+\-\-\-\--+\-\-\-\-\-\-\-\--+\-\-\-\-\-\-\-\-\-\-\-\-\-\-\--+
3 rows in set (0.00 sec)
mysql\> insert into t6(name,sex) values(\"jack\",\"woman\");
Query OK, 1 row affected (0.06 sec)
mysql\> insert into t6(name,sex) values(\"bob\",\"woman\");
Query OK, 1 row affected (0.04 sec)
mysql\> insert into t6 values(1,\"lili\",\"woman\");
ERROR 1062 (23000): Duplicate entry \'1\' for key \'PRIMARY\'
mysql\> insert into t6 values(null,\"lili\",\"woman\");
Query OK, 1 row affected (0.04 sec)
mysql\> select \* from t6;
+\-\-\--+\-\-\-\-\--+\-\-\-\-\-\--+
\| id \| name \| sex \|
+\-\-\--+\-\-\-\-\--+\-\-\-\-\-\--+
\| 1 \| jack \| woman \|
\| 2 \| bob \| woman \|
\| 3 \| lili \| woman \|
+\-\-\--+\-\-\-\-\--+\-\-\-\-\-\--+
3 rows in set (0.00 sec)
mysql\> insert into t6 values(9,\"lili\",\"woman\");
Query OK, 1 row affected (0.04 sec)
mysql\> insert into t6(name,sex) values(\"zdd\",\"woman\");
Query OK, 1 row affected (0.05 sec)
mysql\> select \* from t6;
+\-\-\--+\-\-\-\-\--+\-\-\-\-\-\--+
\| id \| name \| sex \|
+\-\-\--+\-\-\-\-\--+\-\-\-\-\-\--+
\| 1 \| jack \| woman \|
\| 2 \| bob \| woman \|
\| 3 \| lili \| woman \|
\| 9 \| lili \| woman \|
\| 10 \| zdd \| woman \|
+\-\-\--+\-\-\-\-\--+\-\-\-\-\-\--+
5 rows in set (0.00 sec)
#### 删除有auto_increment(自增长)的主键
alter table 表名 modify id int not null #如果有自增属性,必须先去掉
mysql\> desc t6;
+\-\-\-\-\-\--+\-\-\-\-\-\-\-\-\-\-\-\-\-\-\-\-\-\-\-\--+\-\-\-\-\--+\-\-\-\--+\-\-\-\-\-\-\-\--+\-\-\-\-\-\-\-\-\-\-\-\-\-\-\--+
\| Field \| Type \| Null \| Key \| Default \| Extra \|
+\-\-\-\-\-\--+\-\-\-\-\-\-\-\-\-\-\-\-\-\-\-\-\-\-\-\--+\-\-\-\-\--+\-\-\-\--+\-\-\-\-\-\-\-\--+\-\-\-\-\-\-\-\-\-\-\-\-\-\-\--+
\| id \| int(11) \| NO \| PRI \| NULL \| auto_increment \|
\| name \| char(10) \| YES \| \| NULL \| \|
\| sex \| enum(\'man\',\'woman\') \| YES \| \| NULL \| \|
+\-\-\-\-\-\--+\-\-\-\-\-\-\-\-\-\-\-\-\-\-\-\-\-\-\-\--+\-\-\-\-\--+\-\-\-\--+\-\-\-\-\-\-\-\--+\-\-\-\-\-\-\-\-\-\-\-\-\-\-\--+
3 rows in set (0.00 sec)
mysql\> alter table t6 drop primary key;
ERROR 1075 (42000): Incorrect table definition; there can be only one
auto column and it must be defined as a key
mysql\> alter table t6 modify id int not null;
Query OK, 5 rows affected (0.52 sec)
Records: 5 Duplicates: 0 Warnings: 0
mysql\> alter table t6 drop primary key;
Query OK, 5 rows affected (0.49 sec)
Records: 5 Duplicates: 0 Warnings: 0
mysql\> desc t6;
+\-\-\-\-\-\--+\-\-\-\-\-\-\-\-\-\-\-\-\-\-\-\-\-\-\-\--+\-\-\-\-\--+\-\-\-\--+\-\-\-\-\-\-\-\--+\-\-\-\-\-\--+
\| Field \| Type \| Null \| Key \| Default \| Extra \|
+\-\-\-\-\-\--+\-\-\-\-\-\-\-\-\-\-\-\-\-\-\-\-\-\-\-\--+\-\-\-\-\--+\-\-\-\--+\-\-\-\-\-\-\-\--+\-\-\-\-\-\--+
\| id \| int(11) \| NO \| \| NULL \| \|
\| name \| char(10) \| YES \| \| NULL \| \|
\| sex \| enum(\'man\',\'woman\') \| YES \| \| NULL \| \|
+\-\-\-\-\-\--+\-\-\-\-\-\-\-\-\-\-\-\-\-\-\-\-\-\-\-\--+\-\-\-\-\--+\-\-\-\--+\-\-\-\-\-\-\-\--+\-\-\-\-\-\--+
3 rows in set (0.00 sec)
### Foreign key 外键
#### 什么是外键:
外键作用:让当前表字段的值在另一个表中字段值的范围内选择
A表中的name字段设置了外键,参考的是B表中的user字段
A表中的name字段数据内容必须在B表中的user字段内容选择
B表中的user字段必须是主键
#### 使用外键的条件:
1.  表的存储引擎必须是innodb
2.  字段类型要一致
3.  被参照字段必须要是索引类型的一种(primary key)
外键规则
#### 创建外键
Create table 表A名(
字段名1 类型 ,
字段名2 类型 ,
Foreign key (表A的字段名1) references 表B名(字段名)
On update cascade #表A与表B名(字段名)数据同步更新
On delete cascade #表A与表B名(字段名)数据同步删除
)engine=innodb;
练习
创建员工表ygt ygt_id为主键,自增长 存储引擎为innodb;
mysql\> create table ygt(
-\> ygt_id int primary key auto_increment,
-\> name char(10),
-\> sex enum(\"b\",\"g\")
-\> )engine=innodb;
Query OK, 0 rows affected (0.20 sec)
插入三条数据,ygt_id为自增长,不需要定义数据
mysql\> insert into ygt(name,sex)
values(\"tom\",\"b\"),(\"lucy\",\"g\"),(\"jack\",\"g\");
Query OK, 3 rows affected (0.05 sec)
Records: 3 Duplicates: 0 Warnings: 0
mysql\> select \* from ygt-\> ;
+\-\-\-\-\-\-\--+\-\-\-\-\--+\-\-\-\-\--+
\| ygt_id \| name \| sex \|
+\-\-\-\-\-\-\--+\-\-\-\-\--+\-\-\-\-\--+
\| 1 \| tom \| b \|
\| 2 \| lucy \| g \|
\| 3 \| jack \| g \|
+\-\-\-\-\-\-\--+\-\-\-\-\--+\-\-\-\-\--+
3 rows in set (0.00 sec)
创建工资表gzt
创建外键,定义gzt_id为外键,参考ygt表的(ygt_id)字段,同步更新与删除
mysql\> create table gzt(
-\> gzt_id int,
-\> pay float(7,2),
-\> foreign key(gzt_id) references ygt(ygt_id) on update cascade on
delete cascade
-\> )engine=innodb;
Query OK, 0 rows affected (0.38 sec)
mysql\> desc gzt;
+\-\-\-\-\-\-\--+\-\-\-\-\-\-\-\-\-\-\--+\-\-\-\-\--+\-\-\-\--+\-\-\-\-\-\-\-\--+\-\-\-\-\-\--+
\| Field \| Type \| Null \| Key \| Default \| Extra \|
+\-\-\-\-\-\-\--+\-\-\-\-\-\-\-\-\-\-\--+\-\-\-\-\--+\-\-\-\--+\-\-\-\-\-\-\-\--+\-\-\-\-\-\--+
\| gzt_id \| int(11) \| YES \| MUL \| NULL \| \|
\| pay \| float(7,2) \| YES \| \| NULL \| \|
+\-\-\-\-\-\-\--+\-\-\-\-\-\-\-\-\-\-\--+\-\-\-\-\--+\-\-\-\--+\-\-\-\-\-\-\-\--+\-\-\-\-\-\--+
2 rows in set (0.00 sec)
查看表创建详情
mysql\> show create table gzt;
+\-\-\-\-\-\--+\-\-\-\-\-\-\-\-\-\-\-\-\-\-\-\-\-\-\-\-\-\-\-\-\-\-\-\-\-\-\-\-\-\-\-\-\-\-\-\-\-\-\-\-\-\-\-\-\-\-\-\-\-\-\-\-\-\-\-\-\-\-\-\-\-\-\-\-\-\-\-\-\-\-\-\-\-\-\-\-\-\-\-\-\-\-\-\-\-\-\-\-\-\-\-\-\-\-\-\-\-\-\-\-\-\-\-\-\-\-\-\-\-\-\-\-\-\-\-\-\-\-\-\-\-\-\-\-\-\-\-\-\-\-\-\-\-\-\-\-\-\-\-\-\-\-\-\-\-\-\-\-\-\-\-\-\-\-\-\-\-\-\-\-\-\-\-\-\-\-\-\-\-\-\-\-\-\-\-\-\-\-\-\-\-\-\-\-\-\-\-\-\-\-\-\-\-\-\-\-\-\-\-\-\-\-\-\-\-\-\-\-\-\-\-\-\-\-\-\-\-\-\-\-\-\-\-\-\-\-\-\-\-\-\-\-\-\-\-\-\-\-\-\-\-\-\-\-\-\-\-\-\-\-\-\-\-\-\-\-\-\-\-\-\-\--+
\| Table \| Create Table \|
+\-\-\-\-\-\--+\-\-\-\-\-\-\-\-\-\-\-\-\-\-\-\-\-\-\-\-\-\-\-\-\-\-\-\-\-\-\-\-\-\-\-\-\-\-\-\-\-\-\-\-\-\-\-\-\-\-\-\-\-\-\-\-\-\-\-\-\-\-\-\-\-\-\-\-\-\-\-\-\-\-\-\-\-\-\-\-\-\-\-\-\-\-\-\-\-\-\-\-\-\-\-\-\-\-\-\-\-\-\-\-\-\-\-\-\-\-\-\-\-\-\-\-\-\-\-\-\-\-\-\-\-\-\-\-\-\-\-\-\-\-\-\-\-\-\-\-\-\-\-\-\-\-\-\-\-\-\-\-\-\-\-\-\-\-\-\-\-\-\-\-\-\-\-\-\-\-\-\-\-\-\-\-\-\-\-\-\-\-\-\-\-\-\-\-\-\-\-\-\-\-\-\-\-\-\-\-\-\-\-\-\-\-\-\-\-\-\-\-\-\-\-\-\-\-\-\-\-\-\-\-\-\-\-\-\-\-\-\-\-\-\-\-\-\-\-\-\-\-\-\-\-\-\-\-\-\-\-\-\-\-\-\-\-\-\-\-\-\-\-\-\-\--+
\| gzt \| CREATE TABLE \`gzt\` (
\`gzt_id\` int(11) DEFAULT NULL,
\`pay\` float(7,2) DEFAULT NULL,
KEY \`gzt_id\` (\`gzt_id\`),
CONSTRAINT \`gzt_ibfk_1\` FOREIGN KEY (\`gzt_id\`) REFERENCES \`ygt\`
(\`ygt_id\`) ON DELETE CASCADE ON UPDATE CASCADE
) ENGINE=InnoDB DEFAULT CHARSET=latin1 \|
+\-\-\-\-\-\--+\-\-\-\-\-\-\-\-\-\-\-\-\-\-\-\-\-\-\-\-\-\-\-\-\-\-\-\-\-\-\-\-\-\-\-\-\-\-\-\-\-\-\-\-\-\-\-\-\-\-\-\-\-\-\-\-\-\-\-\-\-\-\-\-\-\-\-\-\-\-\-\-\-\-\-\-\-\-\-\-\-\-\-\-\-\-\-\-\-\-\-\-\-\-\-\-\-\-\-\-\-\-\-\-\-\-\-\-\-\-\-\-\-\-\-\-\-\-\-\-\-\-\-\-\-\-\-\-\-\-\-\-\-\-\-\-\-\-\-\-\-\-\-\-\-\-\-\-\-\-\-\-\-\-\-\-\-\-\-\-\-\-\-\-\-\-\-\-\-\-\-\-\-\-\-\-\-\-\-\-\-\-\-\-\-\-\-\-\-\-\-\-\-\-\-\-\-\-\-\-\-\-\-\-\-\-\-\-\-\-\-\-\-\-\-\-\-\-\-\-\-\-\-\-\-\-\-\-\-\-\-\-\-\-\-\-\-\-\-\-\-\-\-\-\-\-\-\-\-\-\-\-\-\-\-\-\-\-\-\-\-\-\-\-\-\--+
1 row in set (0.00 sec)
**解释:**CONSTRAINT \`gzt_ibfk_1\` 为外键名称
FOREIGN KEY (\`gzt_id\`) 外键创建在(\`gzt_id\`)字段上
REFERENCES \`ygt\` (\`ygt_id\`) 参考为ygt表的ygt_id字段
ON DELETE CASCADE 跟参考同步更新 ON UPDATE CASCADE 跟参考同步删除
ENGINE=InnoDB 存储引擎为InnoDB
#### 验证外键:
mysql\> select \* from ygt;
+\-\-\-\-\-\-\--+\-\-\-\-\--+\-\-\-\-\--+
\| ygt_id \| name \| sex \|
+\-\-\-\-\-\-\--+\-\-\-\-\--+\-\-\-\-\--+
\| 1 \| tom \| b \|
\| 2 \| lucy \| g \|
\| 3 \| jack \| g \|
+\-\-\-\-\-\-\--+\-\-\-\-\--+\-\-\-\-\--+
3 rows in set (0.00 sec)
mysql\> insert into gzt values(1,20000);
Query OK, 1 row affected (0.02 sec)
mysql\> insert into gzt values(2,30000);
Query OK, 1 row affected (0.02 sec)
mysql\> insert into gzt values(3,40000);
Query OK, 1 row affected (0.01 sec)
mysql\> insert into gzt values(4,50000); #增加报错,ygt表只有1,2,3的id
ERROR 1452 (23000): Cannot add or update a child row: a foreign key
constraint fails (\`db2\`.\`gzt\`, CONSTRAINT \`gzt_ibfk_1\` FOREIGN KEY
(\`gzt_id\`) REFERENCES \`ygt\` (\`ygt_id\`) ON DELETE CASCADE ON UPDATE
CASCADE)
mysql\> select \* from gzt;
+\-\-\-\-\-\-\--+\-\-\-\-\-\-\-\-\--+
\| gzt_id \| pay \|
+\-\-\-\-\-\-\--+\-\-\-\-\-\-\-\-\--+
\| 1 \| 20000.00 \|
\| 2 \| 30000.00 \|
\| 3 \| 40000.00 \|
+\-\-\-\-\-\-\--+\-\-\-\-\-\-\-\-\--+
3 rows in set (0.00 sec)
给ygt表中添加一条数据,id自动为4, gzt表的第四条数据也可以增加
mysql\> insert into ygt(name,sex) values(\"bob\",\"b\");
Query OK, 1 row affected (0.03 sec)
mysql\> insert into gzt values(4,50000);
Query OK, 1 row affected (0.03 sec)