 pk1 | pk2 |             info              |      crt_time       | mod_time   
-----+-----+-------------------------------+---------------------+----------  
   1 | new | 2013-03-11 15:20:12.791216+08 | 2013-03-11 15:20:13 |   
(1 row)  
remote=> select * from rmt_test where pk1=2;  
 pk1 | pk2 |             info              |      crt_time       | mod_time   
-----+-----+-------------------------------+---------------------+----------  
   2 | abc | 2013-03-11 15:20:12.791216+08 | 2013-03-11 15:20:13 |   
(1 row)  
remote=> update rmt_test set pk2='rmt' where pk1=2;  
UPDATE 1  
remote=> select * from rmt_test where pk1=2;  
 pk1 | pk2 |             info              |      crt_time       | mod_time   
-----+-----+-------------------------------+---------------------+----------  
   2 | rmt | 2013-03-11 15:20:12.791216+08 | 2013-03-11 15:20:13 |   
(1 row)  
remote=> \c local local  
You are now connected to database "local" as user "local".  
local=> select * from loc_test where pk1=2;  
 pk1 | pk2 |             info              |      crt_time       | mod_time   
-----+-----+-------------------------------+---------------------+----------  
   2 | rmt | 2013-03-11 15:20:12.791216+08 | 2013-03-11 15:20:13 |   
(1 row)  
```  
删除 :   
```  
local=> delete from loc_test where pk1 select * from loc_test;  
 pk1 | pk2 |             info              |      crt_time       | mod_time   
-----+-----+-------------------------------+---------------------+----------  
   9 | abc | 2013-03-11 15:20:12.791216+08 | 2013-03-11 15:20:13 |   
  10 | abc | 2013-03-11 15:20:12.791216+08 | 2013-03-11 15:20:13 |   
  11 | abc | 2013-03-11 15:20:24.136187+08 | 2013-03-11 15:20:24 |   
  12 | abc | 2013-03-11 15:20:24.136187+08 | 2013-03-11 15:20:24 |   
(4 rows)  
local=> \c remote remote  
You are now connected to database "remote" as user "remote".  
remote=> select * from rmt_test;  
 pk1 | pk2 |             info              |      crt_time       | mod_time   
-----+-----+-------------------------------+---------------------+----------  
   9 | abc | 2013-03-11 15:20:12.791216+08 | 2013-03-11 15:20:13 |   
  10 | abc | 2013-03-11 15:20:12.791216+08 | 2013-03-11 15:20:13 |   
  11 | abc | 2013-03-11 15:20:24.136187+08 | 2013-03-11 15:20:24 |   
  12 | abc | 2013-03-11 15:20:24.136187+08 | 2013-03-11 15:20:24 |   
(4 rows)  
remote=> delete from rmt_test where pk1>=11;  
DELETE 2  
remote=> select * from rmt_test;  
 pk1 | pk2 |             info              |      crt_time       | mod_time   
-----+-----+-------------------------------+---------------------+----------  
   9 | abc | 2013-03-11 15:20:12.791216+08 | 2013-03-11 15:20:13 |   
  10 | abc | 2013-03-11 15:20:12.791216+08 | 2013-03-11 15:20:13 |   
(2 rows)  
remote=> \c local local  
You are now connected to database "local" as user "local".  
local=> select * from loc_test;  
 pk1 | pk2 |             info              |      crt_time       | mod_time   
-----+-----+-------------------------------+---------------------+----------  
   9 | abc | 2013-03-11 15:20:12.791216+08 | 2013-03-11 15:20:13 |   
  10 | abc | 2013-03-11 15:20:12.791216+08 | 2013-03-11 15:20:13 |   
(2 rows)  
```  
TRUNCATE测试 :   
```  
local=> truncate table loc_test ;  
TRUNCATE TABLE  
local=> \c remote remote  
You are now connected to database "remote" as user "remote".  
remote=> select * from rmt_test ;  
 pk1 | pk2 | info | crt_time | mod_time   
-----+-----+------+----------+----------  
(0 rows)  
```  
## 异步复制测试  
local库 :   
创建异步复制触发器 :   
```  
local=> CREATE TRIGGER atg1 AFTER DELETE or UPDATE or INSERT ON loc_test FOR EACH ROW EXECUTE PROCEDURE f_sync_test('dst', 'remote', 'rmt_test', 'aaa_bbb_digoal', 'async');  
CREATE TRIGGER  
local=> CREATE TRIGGER atg2 AFTER TRUNCATE ON loc_test FOR EACH STATEMENT EXECUTE PROCEDURE f_sync_test('dst', 'remote', 'rmt_test', 'aaa_bbb_digoal', 'async');  
CREATE TRIGGER  
```  
禁用同步复制触发器 :   
```  
local=> alter table loc_test DISABLE TRIGGER tg1;  
ALTER TABLE  
local=> alter table loc_test DISABLE TRIGGER tg2;  
ALTER TABLE  
```  
remote库 :   
创建异步复制触发器 :   
```  
remote=> CREATE TRIGGER atg1 AFTER DELETE or UPDATE or INSERT ON rmt_test FOR EACH ROW EXECUTE PROCEDURE f_sync_test('dst', 'local', 'loc_test', 'aaa_bbb_digoal', 'async');  
remote=> CREATE TRIGGER atg2 AFTER TRUNCATE ON rmt_test FOR EACH STATEMENT EXECUTE PROCEDURE f_sync_test('dst', 'local', 'loc_test', 'aaa_bbb_digoal', 'async');  
```  
禁用同步复制触发器 :   
```  
remote=> alter table rmt_test DISABLE TRIGGER tg1;  
ALTER TABLE  
remote=> alter table rmt_test DISABLE TRIGGER tg2;  
ALTER TABLE  
```  
插入 :   
正向同步  
```  
local=> insert into loc_test values (9,'abc','digoal',now(),now());  
INSERT 0 1  
local=> select * from loc_test where pk1=9;  
 pk1 | pk2 |  info  |      crt_time       |      mod_time         
-----+-----+--------+---------------------+---------------------  
   9 | abc | digoal | 2013-03-13 09:24:29 | 2013-03-13 09:24:29  
(1 row)  
local=> \c remote remote  
You are now connected to database "remote" as user "remote".  
remote=> select * from rmt_test where pk1=9;  
 pk1 | pk2 |  info  |      crt_time       |      mod_time         
-----+-----+--------+---------------------+---------------------  
   9 | abc | digoal | 2013-03-13 09:24:29 | 2013-03-13 09:24:29  
(1 row)  
```  
反向同步  
```  
remote=> insert into rmt_test values (10,'abc','digoal',now(),now());  
INSERT 0 1  
remote=> select * from rmt_test where pk1=10;  
 pk1 | pk2 |  info  |      crt_time       |      mod_time         
-----+-----+--------+---------------------+---------------------  
  10 | abc | digoal | 2013-03-13 09:26:04 | 2013-03-13 09:26:04  
(1 row)  
```  
本地错误不写sync_err_rec  
```  
remote=> insert into rmt_test values (9,'abc','digoal',now(),now());  
ERROR:  duplicate key value violates unique constraint "rmt_test_pkey"  
DETAIL:  Key (pk1, pk2)=(9, abc) already exists.  
remote=> select * from sync_err_rec;  
 id | nsp_name | table_name | dst_server | dst_query | create_time   
----+----------+------------+------------+-----------+-------------  
(0 rows)  
```  
更新 :   
反向更新  
```  
remote=> update rmt_test set pk2='new' where pk1=10;  
UPDATE 1  
remote=> select * from rmt_test where pk1=10;  
 pk1 | pk2 |  info  |      crt_time       |      mod_time         
-----+-----+--------+---------------------+---------------------  
  10 | new | digoal | 2013-03-13 09:26:04 | 2013-03-13 09:26:04  
(1 row)  
remote=> \c local local  
You are now connected to database "local" as user "local".  
local=> select * from loc_test where pk1=10;  
 pk1 | pk2 |  info  |      crt_time       |      mod_time         
-----+-----+--------+---------------------+---------------------  
  10 | new | digoal | 2013-03-13 09:26:04 | 2013-03-13 09:26:04  
(1 row)  
```  
正向更新  
```  
local=> update loc_test set pk2='new_loc' where pk1=10;  
UPDATE 1  
local=> select * from loc_test where pk1=10;  
 pk1 |   pk2   |  info  |      crt_time       |      mod_time         
-----+---------+--------+---------------------+---------------------  
  10 | new_loc | digoal | 2013-03-13 09:26:04 | 2013-03-13 09:26:04  
(1 row)  
local=> \c remote remote  
You are now connected to database "remote" as user "remote".  
remote=> select * from rmt_test where pk1=10;  
 pk1 |   pk2   |  info  |      crt_time       |      mod_time         
-----+---------+--------+---------------------+---------------------  
  10 | new_loc | digoal | 2013-03-13 09:26:04 | 2013-03-13 09:26:04  
(1 row)  
```  
##错误测试  
修改pg_hba.conf, 禁止远程连接 :   
```  
vi $PGDATA/pg_hba.conf  
#host all all 0.0.0.0/0 md5  
pg_ctl reload  
```  
以插入为例进行测试 :   
建立连接的错误捕获, 本地执行, 远程SQL写入sync_err_rec表, 以便后期处理.  
```  
local=> insert into loc_test values (11,'abc','digoal',now(),now());  
NOTICE:  CONNECTION EXCEPTION, remote SQL write to sync_err_rec  
INSERT 0 1  
local=> select * from loc_test where pk1=11;  
 pk1 | pk2 |  info  |      crt_time       |      mod_time         
-----+-----+--------+---------------------+---------------------  
  11 | abc | digoal | 2013-03-13 09:31:20 | 2013-03-13 09:31:20  
(1 row)  
local=> select * from sync_err_rec;  
 id | nsp_name | table_name | dst_server |                                                              dst_query                     
                                           |        create_time           
----+----------+------------+------------+------------------------------------------------------------------------------------------  
-------------------------------------------+----------------------------  
  7 | local    | loc_test   | dst        | INSERT INTO remote.rmt_test(pk1,pk2,info,crt_time,mod_time) VALUES('11','abc','digoal','2  
013-03-13 09:31:20','2013-03-13 09:31:20') | 2013-03-13 09:31:20.394119  
(1 row)  
remote=> select * from rmt_test where pk1=11;  
 pk1 | pk2 | info | crt_time | mod_time   
-----+-----+------+----------+----------  
(0 rows)  
```  
当sync_err_rec有目标foreign server的数据时为了保证远程SQL执行顺序, 不立即复制.  
```  
remote=> \c local local  
You are now connected to database "local" as user "local".  
local=> insert into loc_test values (12,'abc','digoal',now(),now());  
NOTICE:  sync_err_rec has record with dst, this sql will insert into sync_err_rec but not replica to remote now.  
INSERT 0 1  
local=> select * from loc_test where pk1=12;  
 pk1 | pk2 |  info  |      crt_time       |      mod_time         
-----+-----+--------+---------------------+---------------------  
  12 | abc | digoal | 2013-03-13 09:32:18 | 2013-03-13 09:32:18  
(1 row)  
local=> select * from sync_err_rec;  
 id | nsp_name | table_name | dst_server |                                                              dst_query                     
                                           |        create_time           
----+----------+------------+------------+------------------------------------------------------------------------------------------  
-------------------------------------------+----------------------------  
  7 | local    | loc_test   | dst        | INSERT INTO remote.rmt_test(pk1,pk2,info,crt_time,mod_time) VALUES('11','abc','digoal','2  
013-03-13 09:31:20','2013-03-13 09:31:20') | 2013-03-13 09:31:20.394119  
  8 | local    | loc_test   | dst        | INSERT INTO remote.rmt_test(pk1,pk2,info,crt_time,mod_time) VALUES('12','abc','digoal','2  
013-03-13 09:32:18','2013-03-13 09:32:18') | 2013-03-13 09:32:18.486967  
(2 rows)  
```  
正在执行deal_sync_err_rec时为了保证远程SQL执行顺序, 不立即复制.  