          1 | (0,1)  |      16 | f     | f    | 01 00 00 00 00 00 00 00  
          2 | (0,2)  |      16 | f     | f    | 02 00 00 00 00 00 00 00  
          3 | (0,3)  |      16 | f     | f    | 03 00 00 00 00 00 00 00  
          4 | (0,4)  |      16 | f     | f    | 04 00 00 00 00 00 00 00  
          5 | (0,5)  |      16 | f     | f    | 05 00 00 00 00 00 00 00  
          6 | (0,6)  |      16 | f     | f    | 06 00 00 00 00 00 00 00  
          7 | (0,7)  |      16 | f     | f    | 07 00 00 00 00 00 00 00  
          8 | (0,8)  |      16 | f     | f    | 08 00 00 00 00 00 00 00  
          9 | (0,9)  |      16 | f     | f    | 09 00 00 00 00 00 00 00  
         10 | (0,10) |      16 | f     | f    | 0a 00 00 00 00 00 00 00  
(10 rows)  
postgres=# SELECT * FROM bt_page_items('idx_a_2',1);  
 itemoffset |  ctid  | itemlen | nulls | vars |          data             
------------+--------+---------+-------+------+-------------------------  
          1 | (0,5)  |      16 | f     | f    | 05 00 00 00 00 00 00 00  
          2 | (0,7)  |      16 | f     | f    | 06 00 00 00 00 00 00 00  
          3 | (0,1)  |      16 | f     | f    | 0d 00 00 00 00 00 00 00  
          4 | (0,9)  |      16 | f     | f    | 0e 00 00 00 00 00 00 00  
          5 | (0,4)  |      16 | f     | f    | 20 00 00 00 00 00 00 00  
          6 | (0,3)  |      16 | f     | f    | 24 00 00 00 00 00 00 00  
          7 | (0,6)  |      16 | f     | f    | 28 00 00 00 00 00 00 00  
          8 | (0,10) |      16 | f     | f    | 2a 00 00 00 00 00 00 00  
          9 | (0,2)  |      16 | f     | f    | 3f 00 00 00 00 00 00 00  
         10 | (0,8)  |      16 | f     | f    | 55 00 00 00 00 00 00 00  
(10 rows)  
postgres=# SELECT * FROM bt_page_items('idx_a_3',1);  
 itemoffset |  ctid  | itemlen | nulls | vars |          data             
------------+--------+---------+-------+------+-------------------------  
          1 | (0,6)  |      16 | f     | f    | 09 00 00 00 00 00 00 00  
          2 | (0,5)  |      16 | f     | f    | 12 00 00 00 00 00 00 00  
          3 | (0,8)  |      16 | f     | f    | 13 00 00 00 00 00 00 00  
          4 | (0,1)  |      16 | f     | f    | 14 00 00 00 00 00 00 00  
          5 | (0,4)  |      16 | f     | f    | 22 00 00 00 00 00 00 00  
          6 | (0,10) |      16 | f     | f    | 2b 00 00 00 00 00 00 00  
          7 | (0,3)  |      16 | f     | f    | 30 00 00 00 00 00 00 00  
          8 | (0,9)  |      16 | f     | f    | 33 00 00 00 00 00 00 00  
          9 | (0,7)  |      16 | f     | f    | 46 00 00 00 00 00 00 00  
         10 | (0,2)  |      16 | f     | f    | 4b 00 00 00 00 00 00 00  
(10 rows)  
```  
```  
postgres=# update a set c3=c3 where id=1;  
UPDATE 1  
postgres=# SELECT * FROM bt_page_items('idx_a_1',1);  
 itemoffset |  ctid  | itemlen | nulls | vars |          data             
------------+--------+---------+-------+------+-------------------------  
          1 | (0,1)  |      16 | f     | f    | 01 00 00 00 00 00 00 00  
          2 | (0,2)  |      16 | f     | f    | 02 00 00 00 00 00 00 00  
          3 | (0,3)  |      16 | f     | f    | 03 00 00 00 00 00 00 00  
          4 | (0,4)  |      16 | f     | f    | 04 00 00 00 00 00 00 00  
          5 | (0,5)  |      16 | f     | f    | 05 00 00 00 00 00 00 00  
          6 | (0,6)  |      16 | f     | f    | 06 00 00 00 00 00 00 00  
          7 | (0,7)  |      16 | f     | f    | 07 00 00 00 00 00 00 00  
          8 | (0,8)  |      16 | f     | f    | 08 00 00 00 00 00 00 00  
          9 | (0,9)  |      16 | f     | f    | 09 00 00 00 00 00 00 00  
         10 | (0,10) |      16 | f     | f    | 0a 00 00 00 00 00 00 00  
(10 rows)  
postgres=# SELECT * FROM bt_page_items('idx_a_2',1);  
 itemoffset |  ctid  | itemlen | nulls | vars |          data             
------------+--------+---------+-------+------+-------------------------  
          1 | (0,5)  |      16 | f     | f    | 05 00 00 00 00 00 00 00  
          2 | (0,7)  |      16 | f     | f    | 06 00 00 00 00 00 00 00  
          3 | (0,1)  |      16 | f     | f    | 0d 00 00 00 00 00 00 00  
          4 | (0,9)  |      16 | f     | f    | 0e 00 00 00 00 00 00 00  
          5 | (0,4)  |      16 | f     | f    | 20 00 00 00 00 00 00 00  
          6 | (0,3)  |      16 | f     | f    | 24 00 00 00 00 00 00 00  
          7 | (0,6)  |      16 | f     | f    | 28 00 00 00 00 00 00 00  
          8 | (0,10) |      16 | f     | f    | 2a 00 00 00 00 00 00 00  
          9 | (0,2)  |      16 | f     | f    | 3f 00 00 00 00 00 00 00  
         10 | (0,8)  |      16 | f     | f    | 55 00 00 00 00 00 00 00  
(10 rows)  
postgres=# SELECT * FROM bt_page_items('idx_a_3',1);  
 itemoffset |  ctid  | itemlen | nulls | vars |          data             
------------+--------+---------+-------+------+-------------------------  
          1 | (0,6)  |      16 | f     | f    | 09 00 00 00 00 00 00 00  
          2 | (0,5)  |      16 | f     | f    | 12 00 00 00 00 00 00 00  
          3 | (0,8)  |      16 | f     | f    | 13 00 00 00 00 00 00 00  
          4 | (0,1)  |      16 | f     | f    | 14 00 00 00 00 00 00 00  
          5 | (0,4)  |      16 | f     | f    | 22 00 00 00 00 00 00 00  
          6 | (0,10) |      16 | f     | f    | 2b 00 00 00 00 00 00 00  
          7 | (0,3)  |      16 | f     | f    | 30 00 00 00 00 00 00 00  
          8 | (0,9)  |      16 | f     | f    | 33 00 00 00 00 00 00 00  
          9 | (0,7)  |      16 | f     | f    | 46 00 00 00 00 00 00 00  
         10 | (0,2)  |      16 | f     | f    | 4b 00 00 00 00 00 00 00  
(10 rows)  
```  
5、HOT更新，有索引的字段被更新，但是值不变。并且新版本在同一个PAGE里。  
```  
postgres=# update a set c2=c2 where id=1 returning ctid,*;  
  ctid  | id | c1 | c2 | c3   
--------+----+----+----+----  
 (0,14) |  1 | 13 | 20 | 15  
(1 row)  
UPDATE 1  
postgres=# SELECT * FROM bt_page_items('idx_a_1',1);  
 itemoffset |  ctid  | itemlen | nulls | vars |          data             
------------+--------+---------+-------+------+-------------------------  
          1 | (0,1)  |      16 | f     | f    | 01 00 00 00 00 00 00 00  
          2 | (0,2)  |      16 | f     | f    | 02 00 00 00 00 00 00 00  
          3 | (0,3)  |      16 | f     | f    | 03 00 00 00 00 00 00 00  
          4 | (0,4)  |      16 | f     | f    | 04 00 00 00 00 00 00 00  
          5 | (0,5)  |      16 | f     | f    | 05 00 00 00 00 00 00 00  
          6 | (0,6)  |      16 | f     | f    | 06 00 00 00 00 00 00 00  
          7 | (0,7)  |      16 | f     | f    | 07 00 00 00 00 00 00 00  
          8 | (0,8)  |      16 | f     | f    | 08 00 00 00 00 00 00 00  
          9 | (0,9)  |      16 | f     | f    | 09 00 00 00 00 00 00 00  
         10 | (0,10) |      16 | f     | f    | 0a 00 00 00 00 00 00 00  
(10 rows)  
postgres=# SELECT * FROM bt_page_items('idx_a_2',1);  
 itemoffset |  ctid  | itemlen | nulls | vars |          data             
------------+--------+---------+-------+------+-------------------------  
          1 | (0,5)  |      16 | f     | f    | 05 00 00 00 00 00 00 00  
          2 | (0,7)  |      16 | f     | f    | 06 00 00 00 00 00 00 00  
          3 | (0,1)  |      16 | f     | f    | 0d 00 00 00 00 00 00 00  
          4 | (0,9)  |      16 | f     | f    | 0e 00 00 00 00 00 00 00  
          5 | (0,4)  |      16 | f     | f    | 20 00 00 00 00 00 00 00  
          6 | (0,3)  |      16 | f     | f    | 24 00 00 00 00 00 00 00  
          7 | (0,6)  |      16 | f     | f    | 28 00 00 00 00 00 00 00  
          8 | (0,10) |      16 | f     | f    | 2a 00 00 00 00 00 00 00  
          9 | (0,2)  |      16 | f     | f    | 3f 00 00 00 00 00 00 00  
         10 | (0,8)  |      16 | f     | f    | 55 00 00 00 00 00 00 00  
(10 rows)  
postgres=# SELECT * FROM bt_page_items('idx_a_3',1);  
 itemoffset |  ctid  | itemlen | nulls | vars |          data             
------------+--------+---------+-------+------+-------------------------  
          1 | (0,6)  |      16 | f     | f    | 09 00 00 00 00 00 00 00  
          2 | (0,5)  |      16 | f     | f    | 12 00 00 00 00 00 00 00  
          3 | (0,8)  |      16 | f     | f    | 13 00 00 00 00 00 00 00  
          4 | (0,1)  |      16 | f     | f    | 14 00 00 00 00 00 00 00  
          5 | (0,4)  |      16 | f     | f    | 22 00 00 00 00 00 00 00  
          6 | (0,10) |      16 | f     | f    | 2b 00 00 00 00 00 00 00  
          7 | (0,3)  |      16 | f     | f    | 30 00 00 00 00 00 00 00  
          8 | (0,9)  |      16 | f     | f    | 33 00 00 00 00 00 00 00  
          9 | (0,7)  |      16 | f     | f    | 46 00 00 00 00 00 00 00  
         10 | (0,2)  |      16 | f     | f    | 4b 00 00 00 00 00 00 00  
(10 rows)  
```  
以上HOT更新，所有索引都没有发生变化。  
6、NON-HOT更新，更新了索引字段的值，所有索引都发生了变化，至少发生了3个索引IO。  
```  
postgres=# update a set c2=c2+1 where id=1 returning ctid,*;  
  ctid  | id | c1 | c2 | c3   
--------+----+----+----+----  
 (0,15) |  1 | 13 | 21 | 15  
(1 row)  
UPDATE 1  
postgres=# SELECT * FROM bt_page_items('idx_a_1',1);  
 itemoffset |  ctid  | itemlen | nulls | vars |          data             
------------+--------+---------+-------+------+-------------------------  
          1 | (0,15) |      16 | f     | f    | 01 00 00 00 00 00 00 00  
          2 | (0,1)  |      16 | f     | f    | 01 00 00 00 00 00 00 00  
          3 | (0,2)  |      16 | f     | f    | 02 00 00 00 00 00 00 00  
          4 | (0,3)  |      16 | f     | f    | 03 00 00 00 00 00 00 00  
          5 | (0,4)  |      16 | f     | f    | 04 00 00 00 00 00 00 00  
          6 | (0,5)  |      16 | f     | f    | 05 00 00 00 00 00 00 00  
          7 | (0,6)  |      16 | f     | f    | 06 00 00 00 00 00 00 00  
          8 | (0,7)  |      16 | f     | f    | 07 00 00 00 00 00 00 00  
          9 | (0,8)  |      16 | f     | f    | 08 00 00 00 00 00 00 00  
         10 | (0,9)  |      16 | f     | f    | 09 00 00 00 00 00 00 00  
         11 | (0,10) |      16 | f     | f    | 0a 00 00 00 00 00 00 00  
(11 rows)  
postgres=# SELECT * FROM bt_page_items('idx_a_2',1);  
 itemoffset |  ctid  | itemlen | nulls | vars |          data             
------------+--------+---------+-------+------+-------------------------  
          1 | (0,5)  |      16 | f     | f    | 05 00 00 00 00 00 00 00  
          2 | (0,7)  |      16 | f     | f    | 06 00 00 00 00 00 00 00  
          3 | (0,15) |      16 | f     | f    | 0d 00 00 00 00 00 00 00  
          4 | (0,1)  |      16 | f     | f    | 0d 00 00 00 00 00 00 00  
          5 | (0,9)  |      16 | f     | f    | 0e 00 00 00 00 00 00 00  
          6 | (0,4)  |      16 | f     | f    | 20 00 00 00 00 00 00 00  
          7 | (0,3)  |      16 | f     | f    | 24 00 00 00 00 00 00 00  
          8 | (0,6)  |      16 | f     | f    | 28 00 00 00 00 00 00 00  
          9 | (0,10) |      16 | f     | f    | 2a 00 00 00 00 00 00 00  
         10 | (0,2)  |      16 | f     | f    | 3f 00 00 00 00 00 00 00  
         11 | (0,8)  |      16 | f     | f    | 55 00 00 00 00 00 00 00  
(11 rows)  