COMMIT  
test=> select tableoid,ctid,cmin,cmax,xmin,xmax,* from tbl_test order by id;  
 tableoid |  ctid  | cmin | cmax | xmin | xmax | id   
----------+--------+------+------+------+------+----  
    16388 | (0,1)  |    0 |    0 |  668 |    0 |  1  
    16388 | (0,2)  |    0 |    0 |  668 |    0 |  2  
    16388 | (0,3)  |    0 |    0 |  668 |    0 |  3  
    16388 | (0,4)  |    0 |    0 |  668 |    0 |  4  
    16388 | (0,5)  |    0 |    0 |  669 |    0 |  5  
    16388 | (0,6)  |    1 |    1 |  669 |    0 |  6  
    16388 | (0,7)  |    2 |    2 |  669 |    0 |  7  
    16388 | (0,8)  |    3 |    3 |  669 |    0 |  8  
    16388 | (0,9)  |    0 |    0 |  670 |    0 |  9  
    16388 | (0,10) |    0 |    0 |  670 |    0 | 10  
    16388 | (0,11) |    0 |    0 |  670 |    0 | 11  
    16388 | (0,12) |    0 |    0 |  670 |    0 | 12  
    16388 | (0,13) |    0 |    0 |  671 |    0 | 13  
    16388 | (0,14) |    0 |    0 |  671 |    0 | 14  
    16388 | (0,15) |    0 |    0 |  671 |    0 | 15  
    16388 | (0,16) |    0 |    0 |  671 |    0 | 16  
    16388 | (0,17) |    0 |    0 |  672 |    0 | 17  
    16388 | (0,18) |    1 |    1 |  672 |    0 | 18  
    16388 | (0,19) |    2 |    2 |  672 |    0 | 19  
    16388 | (0,20) |    3 |    3 |  672 |    0 | 20  
(20 rows)  
```  
从结果上看四条记录都是同一个事务,但是每一次插入操作占用了一个CMIN，CMAX值。  
### 例六：  
```  
test=> prepare t_test1(int8,int8,int8,int8) as insert into tbl_test (id) values ($1),($2),($3),($4);  
PREPARE  
test=> begin;  
BEGIN  
test=> execute t_test1(21,22,23,24);  
INSERT 0 4  
test=> commit;  
COMMIT  
test=> select tableoid,ctid,cmin,cmax,xmin,xmax,* from tbl_test order by id;  
 tableoid |  ctid  | cmin | cmax | xmin | xmax | id   
----------+--------+------+------+------+------+----  
    16388 | (0,1)  |    0 |    0 |  668 |    0 |  1  
    16388 | (0,2)  |    0 |    0 |  668 |    0 |  2  
    16388 | (0,3)  |    0 |    0 |  668 |    0 |  3  
    16388 | (0,4)  |    0 |    0 |  668 |    0 |  4  
    16388 | (0,5)  |    0 |    0 |  669 |    0 |  5  
    16388 | (0,6)  |    1 |    1 |  669 |    0 |  6  
    16388 | (0,7)  |    2 |    2 |  669 |    0 |  7  
    16388 | (0,8)  |    3 |    3 |  669 |    0 |  8  
    16388 | (0,9)  |    0 |    0 |  670 |    0 |  9  
    16388 | (0,10) |    0 |    0 |  670 |    0 | 10  
    16388 | (0,11) |    0 |    0 |  670 |    0 | 11  
    16388 | (0,12) |    0 |    0 |  670 |    0 | 12  
    16388 | (0,13) |    0 |    0 |  671 |    0 | 13  
    16388 | (0,14) |    0 |    0 |  671 |    0 | 14  
    16388 | (0,15) |    0 |    0 |  671 |    0 | 15  
    16388 | (0,16) |    0 |    0 |  671 |    0 | 16  
    16388 | (0,17) |    0 |    0 |  672 |    0 | 17  
    16388 | (0,18) |    1 |    1 |  672 |    0 | 18  
    16388 | (0,19) |    2 |    2 |  672 |    0 | 19  
    16388 | (0,20) |    3 |    3 |  672 |    0 | 20  
    16388 | (0,21) |    0 |    0 |  673 |    0 | 21  
    16388 | (0,22) |    0 |    0 |  673 |    0 | 22  
    16388 | (0,23) |    0 |    0 |  673 |    0 | 23  
    16388 | (0,24) |    0 |    0 |  673 |    0 | 24  
(24 rows)  
```  
从结果上看四条记录都是同一个事务,同一个CMIN，CMAX值。  
### 例七：  
```  
test=> begin;  
BEGIN  
test=> insert into tbl_Test (id) values (25);  
INSERT 0 1  
test=> select tableoid,ctid,cmin,cmax,xmin,xmax,* from tbl_test order by id;  
 tableoid |  ctid  | cmin | cmax | xmin | xmax | id   
----------+--------+------+------+------+------+----  
    16388 | (0,1)  |    0 |    0 |  668 |    0 |  1  
    16388 | (0,2)  |    0 |    0 |  668 |    0 |  2  
    16388 | (0,3)  |    0 |    0 |  668 |    0 |  3  
    16388 | (0,4)  |    0 |    0 |  668 |    0 |  4  
    16388 | (0,5)  |    0 |    0 |  669 |    0 |  5  
    16388 | (0,6)  |    1 |    1 |  669 |    0 |  6  
    16388 | (0,7)  |    2 |    2 |  669 |    0 |  7  
    16388 | (0,8)  |    3 |    3 |  669 |    0 |  8  
    16388 | (0,9)  |    0 |    0 |  670 |    0 |  9  
    16388 | (0,10) |    0 |    0 |  670 |    0 | 10  
    16388 | (0,11) |    0 |    0 |  670 |    0 | 11  
    16388 | (0,12) |    0 |    0 |  670 |    0 | 12  
    16388 | (0,13) |    0 |    0 |  671 |    0 | 13  
    16388 | (0,14) |    0 |    0 |  671 |    0 | 14  
    16388 | (0,15) |    0 |    0 |  671 |    0 | 15  
    16388 | (0,16) |    0 |    0 |  671 |    0 | 16  
    16388 | (0,17) |    0 |    0 |  672 |    0 | 17  
    16388 | (0,18) |    1 |    1 |  672 |    0 | 18  
    16388 | (0,19) |    2 |    2 |  672 |    0 | 19  
    16388 | (0,20) |    3 |    3 |  672 |    0 | 20  
    16388 | (0,21) |    0 |    0 |  673 |    0 | 21  
    16388 | (0,22) |    0 |    0 |  673 |    0 | 22  
    16388 | (0,23) |    0 |    0 |  673 |    0 | 23  
    16388 | (0,24) |    0 |    0 |  673 |    0 | 24  
    16388 | (0,27) |    0 |    0 |  675 |    0 | 25  
(25 rows)  
test=> insert into tbl_Test (id) values (26);  
INSERT 0 1  
test=> savepoint one;  
SAVEPOINT  
test=> insert into tbl_Test (id) values (27);  
INSERT 0 1  
test=> insert into tbl_Test (id) values (28);  
INSERT 0 1  
test=> select tableoid,ctid,cmin,cmax,xmin,xmax,* from tbl_test order by id;  
 tableoid |  ctid  | cmin | cmax | xmin | xmax | id   
----------+--------+------+------+------+------+----  
    16388 | (0,1)  |    0 |    0 |  668 |    0 |  1  
    16388 | (0,2)  |    0 |    0 |  668 |    0 |  2  
    16388 | (0,3)  |    0 |    0 |  668 |    0 |  3  
    16388 | (0,4)  |    0 |    0 |  668 |    0 |  4  
    16388 | (0,5)  |    0 |    0 |  669 |    0 |  5  
    16388 | (0,6)  |    1 |    1 |  669 |    0 |  6  
    16388 | (0,7)  |    2 |    2 |  669 |    0 |  7  
    16388 | (0,8)  |    3 |    3 |  669 |    0 |  8  
    16388 | (0,9)  |    0 |    0 |  670 |    0 |  9  
    16388 | (0,10) |    0 |    0 |  670 |    0 | 10  
    16388 | (0,11) |    0 |    0 |  670 |    0 | 11  
    16388 | (0,12) |    0 |    0 |  670 |    0 | 12  
    16388 | (0,13) |    0 |    0 |  671 |    0 | 13  
    16388 | (0,14) |    0 |    0 |  671 |    0 | 14  
    16388 | (0,15) |    0 |    0 |  671 |    0 | 15  
    16388 | (0,16) |    0 |    0 |  671 |    0 | 16  
    16388 | (0,17) |    0 |    0 |  672 |    0 | 17  
    16388 | (0,18) |    1 |    1 |  672 |    0 | 18  
    16388 | (0,19) |    2 |    2 |  672 |    0 | 19  
    16388 | (0,20) |    3 |    3 |  672 |    0 | 20  
    16388 | (0,21) |    0 |    0 |  673 |    0 | 21  
    16388 | (0,22) |    0 |    0 |  673 |    0 | 22  
    16388 | (0,23) |    0 |    0 |  673 |    0 | 23  
    16388 | (0,24) |    0 |    0 |  673 |    0 | 24  
    16388 | (0,27) |    0 |    0 |  675 |    0 | 25  
    16388 | (0,28) |    1 |    1 |  675 |    0 | 26  
    16388 | (0,29) |    2 |    2 |  676 |    0 | 27  
    16388 | (0,30) |    3 |    3 |  676 |    0 | 28  
(28 rows)  
test=> rollback to one;  
ROLLBACK  
test=> select tableoid,ctid,cmin,cmax,xmin,xmax,* from tbl_test order by id;  
 tableoid |  ctid  | cmin | cmax | xmin | xmax | id   
----------+--------+------+------+------+------+----  
    16388 | (0,1)  |    0 |    0 |  668 |    0 |  1  
    16388 | (0,2)  |    0 |    0 |  668 |    0 |  2  
    16388 | (0,3)  |    0 |    0 |  668 |    0 |  3  
    16388 | (0,4)  |    0 |    0 |  668 |    0 |  4  
    16388 | (0,5)  |    0 |    0 |  669 |    0 |  5  
    16388 | (0,6)  |    1 |    1 |  669 |    0 |  6  
    16388 | (0,7)  |    2 |    2 |  669 |    0 |  7  
    16388 | (0,8)  |    3 |    3 |  669 |    0 |  8  
    16388 | (0,9)  |    0 |    0 |  670 |    0 |  9  
    16388 | (0,10) |    0 |    0 |  670 |    0 | 10  
    16388 | (0,11) |    0 |    0 |  670 |    0 | 11  
    16388 | (0,12) |    0 |    0 |  670 |    0 | 12  
    16388 | (0,13) |    0 |    0 |  671 |    0 | 13  
    16388 | (0,14) |    0 |    0 |  671 |    0 | 14  
    16388 | (0,15) |    0 |    0 |  671 |    0 | 15  
    16388 | (0,16) |    0 |    0 |  671 |    0 | 16  
    16388 | (0,17) |    0 |    0 |  672 |    0 | 17  
    16388 | (0,18) |    1 |    1 |  672 |    0 | 18  
    16388 | (0,19) |    2 |    2 |  672 |    0 | 19  
    16388 | (0,20) |    3 |    3 |  672 |    0 | 20  
    16388 | (0,21) |    0 |    0 |  673 |    0 | 21  
    16388 | (0,22) |    0 |    0 |  673 |    0 | 22  
    16388 | (0,23) |    0 |    0 |  673 |    0 | 23  
    16388 | (0,24) |    0 |    0 |  673 |    0 | 24  
    16388 | (0,27) |    0 |    0 |  675 |    0 | 25  
    16388 | (0,28) |    1 |    1 |  675 |    0 | 26  
(26 rows)  
test=> insert into tbl_Test (id) values (27);  
INSERT 0 1  
test=> insert into tbl_Test (id) values (28);  
INSERT 0 1  
test=> select tableoid,ctid,cmin,cmax,xmin,xmax,* from tbl_test order by id;  
 tableoid |  ctid  | cmin | cmax | xmin | xmax | id   
----------+--------+------+------+------+------+----  
    16388 | (0,1)  |    0 |    0 |  668 |    0 |  1  
    16388 | (0,2)  |    0 |    0 |  668 |    0 |  2  
    16388 | (0,3)  |    0 |    0 |  668 |    0 |  3  
    16388 | (0,4)  |    0 |    0 |  668 |    0 |  4  
    16388 | (0,5)  |    0 |    0 |  669 |    0 |  5  
    16388 | (0,6)  |    1 |    1 |  669 |    0 |  6  