 1864 | 4e6e51ecaa3a1e74865be0650784049f | 1 | 2023-11-11 10:53:01.980919  
 1751 | 5cdcc4c258370fa119b77f7f05884386 | 1 | 2023-11-11 10:53:01.980919  
(10 rows)  
db1=> update t_off set ts=now() where id=770;  
UPDATE 1  
db1=> select * from t_off where c=1 order by ts_pads(ts,t_off) fetch first 10 row with ties;   
  id  |               info               | c |             ts               
------+----------------------------------+---+----------------------------  
    9 | cc19da84df6272c1cc5646a9b9155bc3 | 1 | 2023-11-11 10:53:01.971758  
  282 | 2728526bc1ef81a09ee1a8bb1b06fd0a | 1 | 2023-11-11 10:53:01.971758  
   81 | 19105b1e02029bcbcfb49cf2f141a733 | 1 | 2023-11-11 10:53:01.971758  
  706 | 3efa6d0787186fd20bd8a786f0413ee0 | 1 | 2023-11-11 10:53:01.971758  
  887 | 792c41f97517e8fdd973c5c5256f8ef2 | 1 | 2023-11-11 10:53:01.971758  
  326 | b604c76a84c8b83fbe8ac18b228d4a3f | 1 | 2023-11-11 10:53:01.971758  
  482 | d9a3991ea826ed9f1dfff7b139961754 | 1 | 2023-11-11 10:53:01.971758  
 1864 | 4e6e51ecaa3a1e74865be0650784049f | 1 | 2023-11-11 10:53:01.980919  
 1751 | 5cdcc4c258370fa119b77f7f05884386 | 1 | 2023-11-11 10:53:01.980919  
 1648 | 826f0a3a9ca5efe6e0a13ed64af65b5e | 1 | 2023-11-11 10:53:01.980919  
(10 rows)  
db1=> select * from t_off where c=1 order by ts fetch first 10 row with ties;   
  id  |               info               | c |             ts               
------+----------------------------------+---+----------------------------  
    9 | cc19da84df6272c1cc5646a9b9155bc3 | 1 | 2023-11-11 10:53:01.971758  
   81 | 19105b1e02029bcbcfb49cf2f141a733 | 1 | 2023-11-11 10:53:01.971758  
  282 | 2728526bc1ef81a09ee1a8bb1b06fd0a | 1 | 2023-11-11 10:53:01.971758  
  326 | b604c76a84c8b83fbe8ac18b228d4a3f | 1 | 2023-11-11 10:53:01.971758  
  482 | d9a3991ea826ed9f1dfff7b139961754 | 1 | 2023-11-11 10:53:01.971758  
  706 | 3efa6d0787186fd20bd8a786f0413ee0 | 1 | 2023-11-11 10:53:01.971758  
  887 | 792c41f97517e8fdd973c5c5256f8ef2 | 1 | 2023-11-11 10:53:01.971758  
 1017 | 49fb4b01a2c8fc1aac222a0223f058b3 | 1 | 2023-11-11 10:53:01.980919  
 1142 | b6beee97559f091c104e82abf17ce2d0 | 1 | 2023-11-11 10:53:01.980919  
 1163 | 91eb04e59d10ebcc70a62c42b3c4b0b8 | 1 | 2023-11-11 10:53:01.980919  
 1331 | 4256ed33ed688fbf744f597d72be6eb3 | 1 | 2023-11-11 10:53:01.980919  
 1523 | 60a6d5cdfd6750f474dce5069b6db200 | 1 | 2023-11-11 10:53:01.980919  
 1627 | c0ab21f437c1dc16ecefd1ebff262efc | 1 | 2023-11-11 10:53:01.980919  
 1648 | 826f0a3a9ca5efe6e0a13ed64af65b5e | 1 | 2023-11-11 10:53:01.980919  
 1674 | 537a002e6e8f1c68dee05a2b140ea736 | 1 | 2023-11-11 10:53:01.980919  
 1702 | d0f805e3306484e7835bd9fbeadcc8b9 | 1 | 2023-11-11 10:53:01.980919  
 1751 | 5cdcc4c258370fa119b77f7f05884386 | 1 | 2023-11-11 10:53:01.980919  
 1790 | 9696a0e5356806fc1c72a876616915ad | 1 | 2023-11-11 10:53:01.980919  
 1857 | b9f78f7d1ea5f8d65fe04e9318bd1849 | 1 | 2023-11-11 10:53:01.980919  
 1864 | 4e6e51ecaa3a1e74865be0650784049f | 1 | 2023-11-11 10:53:01.980919  
 1961 | f6d5624a8f26f1ad91dedd134192b694 | 1 | 2023-11-11 10:53:01.980919  
(21 rows)  
select * from t_off where c=1 and ts_pads(ts,t_off) >   
  ts_pads('2023-11-11 10:53:01.980919', row(1648,'826f0a3a9ca5efe6e0a13ed64af65b5e',1,'2023-11-11 10:53:01.980919')::t_off)  
order by ts_pads(ts,t_off) fetch first 10 row with ties;   
db1=> select * from t_off where c=1 and ts_pads(ts,t_off) >   
  ts_pads('2023-11-11 10:53:01.980919', row(1648,'826f0a3a9ca5efe6e0a13ed64af65b5e',1,'2023-11-11 10:53:01.980919')::t_off)  
order by ts_pads(ts,t_off) fetch first 10 row with ties;   
  id  |               info               | c |             ts               
------+----------------------------------+---+----------------------------  
 1523 | 60a6d5cdfd6750f474dce5069b6db200 | 1 | 2023-11-11 10:53:01.980919  
 1017 | 49fb4b01a2c8fc1aac222a0223f058b3 | 1 | 2023-11-11 10:53:01.980919  
 1331 | 4256ed33ed688fbf744f597d72be6eb3 | 1 | 2023-11-11 10:53:01.980919  
 1961 | f6d5624a8f26f1ad91dedd134192b694 | 1 | 2023-11-11 10:53:01.980919  
 1163 | 91eb04e59d10ebcc70a62c42b3c4b0b8 | 1 | 2023-11-11 10:53:01.980919  
 1627 | c0ab21f437c1dc16ecefd1ebff262efc | 1 | 2023-11-11 10:53:01.980919  
 1857 | b9f78f7d1ea5f8d65fe04e9318bd1849 | 1 | 2023-11-11 10:53:01.980919  
 1142 | b6beee97559f091c104e82abf17ce2d0 | 1 | 2023-11-11 10:53:01.980919  
 1790 | 9696a0e5356806fc1c72a876616915ad | 1 | 2023-11-11 10:53:01.980919  
 1702 | d0f805e3306484e7835bd9fbeadcc8b9 | 1 | 2023-11-11 10:53:01.980919  
(10 rows)  
db1=> explain select * from t_off where c=1 and ts_pads(ts,t_off) >   
  ts_pads('2023-11-11 10:53:01.980919', row(1648,'826f0a3a9ca5efe6e0a13ed64af65b5e',1,'2023-11-11 10:53:01.980919')::t_off)  
order by ts_pads(ts,t_off) fetch first 10 row with ties;   
                                                      QUERY PLAN                                                         
-----------------------------------------------------------------------------------------------------------------------  
 Limit  (cost=0.28..13.98 rows=10 width=81)  
   ->  Index Scan using t_off_c_ts_pads_idx on t_off  (cost=0.28..15.35 rows=11 width=81)  
         Index Cond: ((c = 1) AND (ts_pads(ts, t_off.*) > '0000000000000001699699981.98091900000000-721814744'::text))  
(3 rows)  
```  
可惜系统列不支持index, 否则使用行号(ctid)会更简单.   
```
create or replace function ts_pads1 (timestamp, tid) returns text as $$  
  select lpad(extract(epoch from $1)::text, 32, '0')||'00000000'||hashtid($2);  
$$ language sql strict immutable;  
db1=> \set VERBOSITY verbose
db1=> create index on t_off (c, ts_pads1(ts, ctid));  
ERROR:  0A000: index creation on system columns is not supported
LOCATION:  DefineIndex, indexcmds.c:1083
```
#### [期望 PostgreSQL|开源PolarDB 增加什么功能?](https://github.com/digoal/blog/issues/76 "269ac3d1c492e938c0191101c7238216")
#### [PolarDB 云原生分布式开源数据库](https://github.com/ApsaraDB "57258f76c37864c6e6d23383d05714ea")
#### [PolarDB 学习图谱: 训练营、培训认证、在线互动实验、解决方案、内核开发公开课、生态合作、写心得拿奖品](https://www.aliyun.com/database/openpolardb/activity "8642f60e04ed0c814bf9cb9677976bd4")
#### [PostgreSQL 解决方案集合](../201706/20170601_02.md "40cff096e9ed7122c512b35d8561d9c8")
#### [德哥 / digoal's github - 公益是一辈子的事.](https://github.com/digoal/blog/blob/master/README.md "22709685feb7cab07d30f30387f0a9ae")
![digoal's wechat](../pic/digoal_weixin.jpg "f7ad92eeba24523fd47a6e1a0e691b59")
#### [购买PolarDB云服务折扣活动进行中, 55元起](https://www.aliyun.com/activity/new/polardb-yunparter?userCode=bsb3t4al "e0495c413bedacabb75ff1e880be465a")
#### [About 德哥](https://github.com/digoal/blog/blob/master/me/readme.md "a37735981e7704886ffd590565582dd0")