    execute 'set client_encoding='''||v_encoding_tmp||'''';  
    case v_op   
    when 'INSERT' then   
      delete from public."TBL" t where t=v_new::public."TBL";   
    when 'DELETE' then  
      insert into public."TBL" values ((v_old::public."TBL").*);   
    when 'TRUNCATE' then  
      insert into public."TBL" values ((v_old::public."TBL").*);   
    when 'UPDATE' then  
      delete from public."TBL" t where t=v_new::public."TBL";   
      insert into public."TBL" values ((v_old::public."TBL").*);   
    else  
    end case;   
  end loop;   
  execute 'set client_encoding='''||v_encoding_curr||'''';   
end;   
$$;  
```  
回退成功  
```  
postgres=# select * from "TBL";  
 c1 | c2 |   C3    | c4 | c5 | c6 | c7 |          crt_time            
----+----+---------+----+----+----+----+----------------------------  
  1 |  1 | te\\s\t | c4 | c5 | c6 |  1 | 2014-08-28 23:06:09.790227  
  2 |  1 | te\\s\t | c4 | c5 | c6 |  1 | 2014-08-28 23:06:09.79597  
  3 |  1 | te\\s\t | c4 | c5 | c6 |  1 | 2014-08-28 23:06:09.80206  
  4 |  1 | te\\s\t | c4 | c5 | c6 |  1 | 2014-08-28 23:06:09.80903  
  5 |  1 | te\\s\t | c4 | c5 | c6 |  1 | 2014-08-28 23:06:09.819092  
(5 rows)  
```  
回退操作同样会产生undo记录.  
```  
postgres=# select * from undo_t;  
 id |   xid   |  relid   | table_schema | table_name | when_tg | level |   op   | encoding |                          old_rec         
                    |                          new_rec                           |          crt_time          | username | client_ad  
dr | client_port   
----+---------+----------+--------------+------------+---------+-------+--------+----------+----------------------------------------  
--------------------+------------------------------------------------------------+----------------------------+----------+----------  
---+-------------  
  1 | 1301665 | 50534894 | public       | TBL        | AFTER   | ROW   | INSERT | UTF8     |                                          
                    | (1,1,"te\\\\s\\t",c4,c5,c6,1,"2014-08-28 23:06:09.790227") | 2014-08-28 23:06:09.790227 | postgres |            
   |              
  2 | 1301666 | 50534894 | public       | TBL        | AFTER   | ROW   | INSERT | UTF8     |                                          
                    | (2,1,"te\\\\s\\t",c4,c5,c6,1,"2014-08-28 23:06:09.79597")  | 2014-08-28 23:06:09.79597  | postgres |            
   |              
  3 | 1301667 | 50534894 | public       | TBL        | AFTER   | ROW   | INSERT | UTF8     |                                          
                    | (3,1,"te\\\\s\\t",c4,c5,c6,1,"2014-08-28 23:06:09.80206")  | 2014-08-28 23:06:09.80206  | postgres |            
   |              
  4 | 1301668 | 50534894 | public       | TBL        | AFTER   | ROW   | INSERT | UTF8     |                                          
                    | (4,1,"te\\\\s\\t",c4,c5,c6,1,"2014-08-28 23:06:09.80903")  | 2014-08-28 23:06:09.80903  | postgres |            
   |              
  5 | 1301669 | 50534894 | public       | TBL        | AFTER   | ROW   | INSERT | UTF8     |                                          
                    | (5,1,"te\\\\s\\t",c4,c5,c6,1,"2014-08-28 23:06:09.819092") | 2014-08-28 23:06:09.819092 | postgres |            
   |              
  6 | 1301670 | 50534894 | public       | TBL        | AFTER   | ROW   | INSERT | UTF8     |                                          
                    | (6,1,"te\\\\s\\t",c4,c5,c6,1,"2014-08-28 23:06:10.228624") | 2014-08-28 23:06:10.228624 | postgres |            
   |              
  7 | 1301671 | 50534894 | public       | TBL        | AFTER   | ROW   | DELETE | UTF8     | (6,1,"te\\\\s\\t",c4,c5,c6,1,"2014-08-2  
8 23:06:10.228624") |                                                            | 2014-08-28 23:07:07.750644 | postgres |            
   |              
(7 rows)  
```  
现在执行一个UPDATE, 把所有的记录更新掉.  
```  
postgres=# update "TBL" set c7=100;  
UPDATE 5  
postgres=# select * from "TBL";  
 c1 | c2 |   C3    | c4 | c5 | c6 | c7  |          crt_time            
----+----+---------+----+----+----+-----+----------------------------  
  1 |  1 | te\\s\t | c4 | c5 | c6 | 100 | 2014-08-28 23:06:09.790227  
  2 |  1 | te\\s\t | c4 | c5 | c6 | 100 | 2014-08-28 23:06:09.79597  
  3 |  1 | te\\s\t | c4 | c5 | c6 | 100 | 2014-08-28 23:06:09.80206  
  4 |  1 | te\\s\t | c4 | c5 | c6 | 100 | 2014-08-28 23:06:09.80903  
  5 |  1 | te\\s\t | c4 | c5 | c6 | 100 | 2014-08-28 23:06:09.819092  
(5 rows)  
postgres=# select * from undo_t;  
 id |   xid   |  relid   | table_schema | table_name | when_tg | level |   op   | encoding |                          old_rec         
                    |                           new_rec                            |          crt_time          | username | client_  
addr | client_port   
----+---------+----------+--------------+------------+---------+-------+--------+----------+----------------------------------------  
--------------------+--------------------------------------------------------------+----------------------------+----------+--------  
-----+-------------  
  1 | 1301665 | 50534894 | public       | TBL        | AFTER   | ROW   | INSERT | UTF8     |                                          
                    | (1,1,"te\\\\s\\t",c4,c5,c6,1,"2014-08-28 23:06:09.790227")   | 2014-08-28 23:06:09.790227 | postgres |          
     |              
  2 | 1301666 | 50534894 | public       | TBL        | AFTER   | ROW   | INSERT | UTF8     |                                          
                    | (2,1,"te\\\\s\\t",c4,c5,c6,1,"2014-08-28 23:06:09.79597")    | 2014-08-28 23:06:09.79597  | postgres |          
     |              
  3 | 1301667 | 50534894 | public       | TBL        | AFTER   | ROW   | INSERT | UTF8     |                                          
                    | (3,1,"te\\\\s\\t",c4,c5,c6,1,"2014-08-28 23:06:09.80206")    | 2014-08-28 23:06:09.80206  | postgres |          
     |              
  4 | 1301668 | 50534894 | public       | TBL        | AFTER   | ROW   | INSERT | UTF8     |                                          
                    | (4,1,"te\\\\s\\t",c4,c5,c6,1,"2014-08-28 23:06:09.80903")    | 2014-08-28 23:06:09.80903  | postgres |          
     |              
  5 | 1301669 | 50534894 | public       | TBL        | AFTER   | ROW   | INSERT | UTF8     |                                          
                    | (5,1,"te\\\\s\\t",c4,c5,c6,1,"2014-08-28 23:06:09.819092")   | 2014-08-28 23:06:09.819092 | postgres |          
     |              
  6 | 1301670 | 50534894 | public       | TBL        | AFTER   | ROW   | INSERT | UTF8     |                                          
                    | (6,1,"te\\\\s\\t",c4,c5,c6,1,"2014-08-28 23:06:10.228624")   | 2014-08-28 23:06:10.228624 | postgres |          
     |              
  7 | 1301671 | 50534894 | public       | TBL        | AFTER   | ROW   | DELETE | UTF8     | (6,1,"te\\\\s\\t",c4,c5,c6,1,"2014-08-2  
8 23:06:10.228624") |                                                              | 2014-08-28 23:07:07.750644 | postgres |          
     |              
  8 | 1301672 | 50534894 | public       | TBL        | AFTER   | ROW   | UPDATE | UTF8     | (1,1,"te\\\\s\\t",c4,c5,c6,1,"2014-08-2  
8 23:06:09.790227") | (1,1,"te\\\\s\\t",c4,c5,c6,100,"2014-08-28 23:06:09.790227") | 2014-08-28 23:08:52.887568 | postgres |          
     |              
  9 | 1301672 | 50534894 | public       | TBL        | AFTER   | ROW   | UPDATE | UTF8     | (2,1,"te\\\\s\\t",c4,c5,c6,1,"2014-08-2  
8 23:06:09.79597")  | (2,1,"te\\\\s\\t",c4,c5,c6,100,"2014-08-28 23:06:09.79597")  | 2014-08-28 23:08:52.887568 | postgres |          
     |              
 10 | 1301672 | 50534894 | public       | TBL        | AFTER   | ROW   | UPDATE | UTF8     | (3,1,"te\\\\s\\t",c4,c5,c6,1,"2014-08-2  
8 23:06:09.80206")  | (3,1,"te\\\\s\\t",c4,c5,c6,100,"2014-08-28 23:06:09.80206")  | 2014-08-28 23:08:52.887568 | postgres |          
     |              
 11 | 1301672 | 50534894 | public       | TBL        | AFTER   | ROW   | UPDATE | UTF8     | (4,1,"te\\\\s\\t",c4,c5,c6,1,"2014-08-2  
8 23:06:09.80903")  | (4,1,"te\\\\s\\t",c4,c5,c6,100,"2014-08-28 23:06:09.80903")  | 2014-08-28 23:08:52.887568 | postgres |          
     |              
 12 | 1301672 | 50534894 | public       | TBL        | AFTER   | ROW   | UPDATE | UTF8     | (5,1,"te\\\\s\\t",c4,c5,c6,1,"2014-08-2  
8 23:06:09.819092") | (5,1,"te\\\\s\\t",c4,c5,c6,100,"2014-08-28 23:06:09.819092") | 2014-08-28 23:08:52.887568 | postgres |          
     |              
(12 rows)  
```  
回退到更新前, 即1301672 这个XID需要回退掉.  
```  
do language plpgsql $$  
declare  
  v_op text;  
  v_encoding_curr text := pg_client_encoding();  
  v_encoding_tmp text;  
  v_old text;  
  v_new text;  
  v_xid int8 := 1301672;   
begin  
  for v_op, v_encoding_tmp, v_old, v_new in   
    select op,encoding,old_rec::text,new_rec::text from undo_t where xid>=v_xid order by xid desc,id desc  
  LOOP  
    execute 'set client_encoding='''||v_encoding_tmp||'''';   
    case v_op   
    when 'INSERT' then   
      delete from public."TBL" t where t=v_new::public."TBL";   
    when 'DELETE' then  
      insert into public."TBL" values ((v_old::public."TBL").*);   
    when 'TRUNCATE' then  
      insert into public."TBL" values ((v_old::public."TBL").*);   
    when 'UPDATE' then  
      delete from public."TBL" t where t=v_new::public."TBL";   
      insert into public."TBL" values ((v_old::public."TBL").*);   
    else  
    end case;   
  end loop;   
  execute 'set client_encoding='''||v_encoding_curr||'''';   
end;   
$$;  
postgres=# select * from "TBL";  
 c1 | c2 |   C3    | c4 | c5 | c6 | c7 |          crt_time            
----+----+---------+----+----+----+----+----------------------------  
  5 |  1 | te\\s\t | c4 | c5 | c6 |  1 | 2014-08-28 23:06:09.819092  
  4 |  1 | te\\s\t | c4 | c5 | c6 |  1 | 2014-08-28 23:06:09.80903  
  3 |  1 | te\\s\t | c4 | c5 | c6 |  1 | 2014-08-28 23:06:09.80206  
  2 |  1 | te\\s\t | c4 | c5 | c6 |  1 | 2014-08-28 23:06:09.79597  
  1 |  1 | te\\s\t | c4 | c5 | c6 |  1 | 2014-08-28 23:06:09.790227  
(5 rows)  
```  
现在把所有记录删除掉  
```  
postgres=# delete from "TBL";  
DELETE 5  
postgres=# select * from undo_t;  
 id |   xid   |  relid   | table_schema | table_name | when_tg | level |   op   | encoding |                           old_rec        
                      |                           new_rec                            |          crt_time          | username | clien  
t_addr | client_port   
----+---------+----------+--------------+------------+---------+-------+--------+----------+----------------------------------------  
----------------------+--------------------------------------------------------------+----------------------------+----------+------  
-------+-------------  
  1 | 1301665 | 50534894 | public       | TBL        | AFTER   | ROW   | INSERT | UTF8     |                                          
                      | (1,1,"te\\\\s\\t",c4,c5,c6,1,"2014-08-28 23:06:09.790227")   | 2014-08-28 23:06:09.790227 | postgres |        
       |              
  2 | 1301666 | 50534894 | public       | TBL        | AFTER   | ROW   | INSERT | UTF8     |                                          
                      | (2,1,"te\\\\s\\t",c4,c5,c6,1,"2014-08-28 23:06:09.79597")    | 2014-08-28 23:06:09.79597  | postgres |        
       |              
  3 | 1301667 | 50534894 | public       | TBL        | AFTER   | ROW   | INSERT | UTF8     |                                          
                      | (3,1,"te\\\\s\\t",c4,c5,c6,1,"2014-08-28 23:06:09.80206")    | 2014-08-28 23:06:09.80206  | postgres |        
       |              
  4 | 1301668 | 50534894 | public       | TBL        | AFTER   | ROW   | INSERT | UTF8     |                                          
                      | (4,1,"te\\\\s\\t",c4,c5,c6,1,"2014-08-28 23:06:09.80903")    | 2014-08-28 23:06:09.80903  | postgres |        
       |              
  5 | 1301669 | 50534894 | public       | TBL        | AFTER   | ROW   | INSERT | UTF8     |                                          
                      | (5,1,"te\\\\s\\t",c4,c5,c6,1,"2014-08-28 23:06:09.819092")   | 2014-08-28 23:06:09.819092 | postgres |        
       |              
  6 | 1301670 | 50534894 | public       | TBL        | AFTER   | ROW   | INSERT | UTF8     |                                          
                      | (6,1,"te\\\\s\\t",c4,c5,c6,1,"2014-08-28 23:06:10.228624")   | 2014-08-28 23:06:10.228624 | postgres |        
       |              
  7 | 1301671 | 50534894 | public       | TBL        | AFTER   | ROW   | DELETE | UTF8     | (6,1,"te\\\\s\\t",c4,c5,c6,1,"2014-08-2  
8 23:06:10.228624")   |                                                              | 2014-08-28 23:07:07.750644 | postgres |        
       |              
  8 | 1301672 | 50534894 | public       | TBL        | AFTER   | ROW   | UPDATE | UTF8     | (1,1,"te\\\\s\\t",c4,c5,c6,1,"2014-08-2  
8 23:06:09.790227")   | (1,1,"te\\\\s\\t",c4,c5,c6,100,"2014-08-28 23:06:09.790227") | 2014-08-28 23:08:52.887568 | postgres |        
       |              