## PostgreSQL Heap Only Tuple - HOT (降低UPDATE引入的索引写IO放大)    
### 作者                                                             
digoal                                                             
### 日期                                                             
2018-09-25                                                           
### 标签                                                             
PostgreSQL , Heap Only Tuple , HOT     
----                                                             
## 背景    
PostgreSQL目前默认的存储引擎在更新记录时，会在堆内产生一条新版本，旧版本在不需要使用后VACUUM回收，回收旧版本前，需要先回收所有关联这个版本的所有索引POINT。  
PG的索引的KEY为索引字段或表达式的值，VALUE为行号。  
8.3以前，每个TUPLE版本（行号）都有对应的索引POINT，因此更新的放大比较大。  
8.3开始，引入了HOT的概念，当更新记录时，如果能满足两个条件时，通过HEAP PAGE内部LINK来串起所有TUPLE版本，因此索引不变。  
HOT必须满足如下两个条件：  
```  
Necessary Condition A: UPDATE does not change any of the index keys    
Necessary Condition B: The new version should fit in the same old block – HOT chains can not cross block boundary.   
1、索引字段的值不变。(其中任意一个索引字段的值发生了变化，则所有索引都需要新增版本)  
2、新的版本与旧的版本在同一个HEAP PAGE中。  
```  
10以后，可以使用二级索引来解决更新引入的索引放大问题：  
[《PostgreSQL 10.0 preview 性能增强 - 间接索引(secondary index)》](../201703/20170312_21.md)    
## HOT 实例解说  
1、创建测试表，写入10条测试数据  
```  
postgres=# create table a(id int, c1 int, c2 int, c3 int);  
CREATE TABLE  
postgres=# insert into a select generate_series(1,10), random()*100, random()*100, random()*100;  
INSERT 0 10  
```  
2、创建索引  
```  
postgres=# create index idx_a_1 on a (id);  
CREATE INDEX  
postgres=# create index idx_a_2 on a (c1);  
CREATE INDEX  
postgres=# create index idx_a_3 on a (c2);  
CREATE INDEX  
```  
3、通过pageinspect插件观察索引页内容  
```  
postgres=# SELECT * FROM bt_metap('idx_a_1');  
 magic  | version | root | level | fastroot | fastlevel   
--------+---------+------+-------+----------+-----------  
 340322 |       2 |    1 |     0 |        1 |         0  
(1 row)  
postgres=# SELECT * FROM bt_metap('idx_a_2');  
 magic  | version | root | level | fastroot | fastlevel   
--------+---------+------+-------+----------+-----------  
 340322 |       2 |    1 |     0 |        1 |         0  
(1 row)  
postgres=# SELECT * FROM bt_metap('idx_a_3');  
 magic  | version | root | level | fastroot | fastlevel   
--------+---------+------+-------+----------+-----------  
 340322 |       2 |    1 |     0 |        1 |         0  
(1 row)  
```  
```  
postgres=# SELECT * FROM bt_page_items('idx_a_1',1);  
 itemoffset |  ctid  | itemlen | nulls | vars |          data             
------------+--------+---------+-------+------+-------------------------  
          1 | (0,1)  |      16 | f     | f    | 01 00 00 00 00 00 00 00  
          2 | (0,2)  |      16 | f     | f    | 02 00 00 00 00 00 00 00  
          3 | (0,3)  |      16 | f     | f    | 03 00 00 00 00 00 00 00  
          4 | (0,4)  |      16 | f     | f    | 04 00 00 00 00 00 00 00  
          5 | (0,5)  |      16 | f     | f    | 05 00 00 00 00 00 00 00  
          6 | (0,6)  |      16 | f     | f    | 06 00 00 00 00 00 00 00  
          7 | (0,7)  |      16 | f     | f    | 07 00 00 00 00 00 00 00  
          8 | (0,8)  |      16 | f     | f    | 08 00 00 00 00 00 00 00  
          9 | (0,9)  |      16 | f     | f    | 09 00 00 00 00 00 00 00  
         10 | (0,10) |      16 | f     | f    | 0a 00 00 00 00 00 00 00  
(10 rows)  
postgres=# SELECT * FROM bt_page_items('idx_a_2',1);  
 itemoffset |  ctid  | itemlen | nulls | vars |          data             
------------+--------+---------+-------+------+-------------------------  
          1 | (0,5)  |      16 | f     | f    | 05 00 00 00 00 00 00 00  
          2 | (0,7)  |      16 | f     | f    | 06 00 00 00 00 00 00 00  
          3 | (0,1)  |      16 | f     | f    | 0d 00 00 00 00 00 00 00  
          4 | (0,9)  |      16 | f     | f    | 0e 00 00 00 00 00 00 00  
          5 | (0,4)  |      16 | f     | f    | 20 00 00 00 00 00 00 00  
          6 | (0,3)  |      16 | f     | f    | 24 00 00 00 00 00 00 00  
          7 | (0,6)  |      16 | f     | f    | 28 00 00 00 00 00 00 00  
          8 | (0,10) |      16 | f     | f    | 2a 00 00 00 00 00 00 00  
          9 | (0,2)  |      16 | f     | f    | 3f 00 00 00 00 00 00 00  
         10 | (0,8)  |      16 | f     | f    | 55 00 00 00 00 00 00 00  
(10 rows)  
postgres=# SELECT * FROM bt_page_items('idx_a_3',1);  
 itemoffset |  ctid  | itemlen | nulls | vars |          data             
------------+--------+---------+-------+------+-------------------------  
          1 | (0,6)  |      16 | f     | f    | 09 00 00 00 00 00 00 00  
          2 | (0,5)  |      16 | f     | f    | 12 00 00 00 00 00 00 00  
          3 | (0,8)  |      16 | f     | f    | 13 00 00 00 00 00 00 00  
          4 | (0,1)  |      16 | f     | f    | 14 00 00 00 00 00 00 00  
          5 | (0,4)  |      16 | f     | f    | 22 00 00 00 00 00 00 00  
          6 | (0,10) |      16 | f     | f    | 2b 00 00 00 00 00 00 00  
          7 | (0,3)  |      16 | f     | f    | 30 00 00 00 00 00 00 00  
          8 | (0,9)  |      16 | f     | f    | 33 00 00 00 00 00 00 00  
          9 | (0,7)  |      16 | f     | f    | 46 00 00 00 00 00 00 00  
         10 | (0,2)  |      16 | f     | f    | 4b 00 00 00 00 00 00 00  
(10 rows)  
```  
4、HOT更新，（更新的字段上没有索引，并且新的版本记录在同一个HEAP PAGE上）  
```  
postgres=# update a set c3=c3+1 where id=1;  
UPDATE 1  
postgres=# SELECT * FROM bt_page_items('idx_a_1',1);  
 itemoffset |  ctid  | itemlen | nulls | vars |          data             
------------+--------+---------+-------+------+-------------------------  
          1 | (0,1)  |      16 | f     | f    | 01 00 00 00 00 00 00 00  
          2 | (0,2)  |      16 | f     | f    | 02 00 00 00 00 00 00 00  
          3 | (0,3)  |      16 | f     | f    | 03 00 00 00 00 00 00 00  
          4 | (0,4)  |      16 | f     | f    | 04 00 00 00 00 00 00 00  
          5 | (0,5)  |      16 | f     | f    | 05 00 00 00 00 00 00 00  
          6 | (0,6)  |      16 | f     | f    | 06 00 00 00 00 00 00 00  
          7 | (0,7)  |      16 | f     | f    | 07 00 00 00 00 00 00 00  
          8 | (0,8)  |      16 | f     | f    | 08 00 00 00 00 00 00 00  
          9 | (0,9)  |      16 | f     | f    | 09 00 00 00 00 00 00 00  
         10 | (0,10) |      16 | f     | f    | 0a 00 00 00 00 00 00 00  
(10 rows)  
postgres=# SELECT * FROM bt_page_items('idx_a_2',1);  
 itemoffset |  ctid  | itemlen | nulls | vars |          data             
------------+--------+---------+-------+------+-------------------------  
          1 | (0,5)  |      16 | f     | f    | 05 00 00 00 00 00 00 00  
          2 | (0,7)  |      16 | f     | f    | 06 00 00 00 00 00 00 00  
          3 | (0,1)  |      16 | f     | f    | 0d 00 00 00 00 00 00 00  
          4 | (0,9)  |      16 | f     | f    | 0e 00 00 00 00 00 00 00  
          5 | (0,4)  |      16 | f     | f    | 20 00 00 00 00 00 00 00  
          6 | (0,3)  |      16 | f     | f    | 24 00 00 00 00 00 00 00  
          7 | (0,6)  |      16 | f     | f    | 28 00 00 00 00 00 00 00  
          8 | (0,10) |      16 | f     | f    | 2a 00 00 00 00 00 00 00  
          9 | (0,2)  |      16 | f     | f    | 3f 00 00 00 00 00 00 00  
         10 | (0,8)  |      16 | f     | f    | 55 00 00 00 00 00 00 00  
(10 rows)  
postgres=# SELECT * FROM bt_page_items('idx_a_3',1);  
 itemoffset |  ctid  | itemlen | nulls | vars |          data             
------------+--------+---------+-------+------+-------------------------  
          1 | (0,6)  |      16 | f     | f    | 09 00 00 00 00 00 00 00  
          2 | (0,5)  |      16 | f     | f    | 12 00 00 00 00 00 00 00  
          3 | (0,8)  |      16 | f     | f    | 13 00 00 00 00 00 00 00  
          4 | (0,1)  |      16 | f     | f    | 14 00 00 00 00 00 00 00  
          5 | (0,4)  |      16 | f     | f    | 22 00 00 00 00 00 00 00  
          6 | (0,10) |      16 | f     | f    | 2b 00 00 00 00 00 00 00  
          7 | (0,3)  |      16 | f     | f    | 30 00 00 00 00 00 00 00  
          8 | (0,9)  |      16 | f     | f    | 33 00 00 00 00 00 00 00  
          9 | (0,7)  |      16 | f     | f    | 46 00 00 00 00 00 00 00  
         10 | (0,2)  |      16 | f     | f    | 4b 00 00 00 00 00 00 00  
(10 rows)  
```  
```  
postgres=# update a set c3=c3 where id=1 returning ctid,*;  
  ctid  | id | c1 | c2 | c3   
--------+----+----+----+----  
 (0,13) |  1 | 13 | 20 | 15  
(1 row)  
UPDATE 1  
postgres=# SELECT * FROM bt_page_items('idx_a_1',1);  
 itemoffset |  ctid  | itemlen | nulls | vars |          data             
------------+--------+---------+-------+------+-------------------------  