    | 31                |
    +-------------------+
    5 rows in set (0.01 sec)
    mysql> select mid(adnumber,1,3)from address_list;
    +-------------------+
    | mid(adnumber,1,3) |
    +-------------------+
    | 311               |
    | 311               |
    | 311               |
    | 311               |
    | 311               |
    +-------------------+
    5 rows in set (0.00 sec)
    mysql> select mid(adnumber,2,3)from address_list;
    +-------------------+
    | mid(adnumber,2,3) |
    +-------------------+
    | 117               |
    | 117               |
    | 117               |
    | 117               |
    | 117               |
    +-------------------+
    5 rows in set (0.00 sec)
#### limit()
\--返回前几条或者中间某几行数据
    select * from table limit m,n;
从第m条记录开始返回n条记录
    mysql> select * from user limit 1,2;
    +----+----------+----------+------------+-----------+---------------------+
    | id | username | password | number     | classinfo | createdata          |
    +----+----------+----------+------------+-----------+---------------------+
    | 82 | 5555     | 123456   | 311700     | 177777    | 2019-07-06 20:45:50 |
    | 83 | 9999     | 123456   | 311700     | 1777777   | 2019-07-06 20:46:14 |
    +----+----------+----------+------------+-----------+---------------------+
    2 rows in set (0.00 sec)
    mysql> select * from user limit 1,3;
    +----+----------+----------+------------+-----------+---------------------+
    | id | username | password | number     | classinfo | createdata          |
    +----+----------+----------+------------+-----------+---------------------+
    | 82 | 5555     | 123456   | 3117       | 1777777   | 2019-07-06 20:45:50 |
    | 83 | 9999     | 123456   | 311700     | 1777777   | 2019-07-06 20:46:14 |
    | 84 | 安卓大神  | 123456   | 311700     | 17777777  | 2019-07-06 20:46:50 |
    +----+----------+----------+------------+-----------+---------------------+
    3 rows in set (0.00 sec)
#### concat、concat_ws、group_concat
concat函数在连接字符串的时候，只要其中一个是NULL,那么将返回NULL
    mysql> select concat('123',null);
    +--------------------+
    | concat('123',null) |
    +--------------------+
    | NULL               |
    +--------------------+
    1 row in set (0.00 sec)
    mysql> select concat('123','123456');
    +------------------------+
    | concat('123','123456') |
    +------------------------+
    | 123123456              |
    +------------------------+
    1 row in set (0.00 sec)
concat_ws函数在执行的时候,不会因为NULL值而返回NULL
    mysql> select concat_ws('123',null);
    +-----------------------+
    | concat_ws('123',null) |
    +-----------------------+
    |                       |
    +-----------------------+
    1 row in set (0.00 sec)
    mysql> select concat_ws('123','456789');
    +---------------------------+
    | concat_ws('123','456789') |
    +---------------------------+
    | 456789                    |
    +---------------------------+
    1 row in set (0.00 sec)
    mysql> select concat_ws('.','123','456789');
    +-------------------------------+
    | concat_ws('.','123','456789') |
    +-------------------------------+
    | 123.456789                    |
    +-------------------------------+
    1 row in set (0.00 sec)
#### Count()
\--聚集函数，统计元祖的个数
    mysql> select count(*) from user;
    +----------+
    | count(*) |
    +----------+
    |        4 |
    +----------+
    1 row in set (0.00 sec)
#### rand()
\--用于产生一个0~1的随机数
    mysql> select rand(),rand();
    +--------------------+---------------------+
    | rand()             | rand()              |
    +--------------------+---------------------+
    | 0.4360487893559493 | 0.24646534328019745 |
    +--------------------+---------------------+
    1 row in set (0.00 sec)
#### group by
\--依据我们想要的规则对结果进行分组
    mysql> select * from user group by username;
    +----+----------+----------+------------+-----------+---------------------+
    | id | username | password | number     | classinfo | createdata          |
    +----+----------+----------+------------+-----------+---------------------+
    | 82 | 5555     | 123456   | 311700     | 11111111  | 2019-07-06 20:45:50 |
    | 83 | 9999     | 123456   | 311700     | 1111111   | 2019-07-06 20:46:14 |
    | 81 | 古       | 123456   | 311700     | 1111111   | 2019-07-06 20:28:13 |
    | 84 | 大神     | 123456   | 311700     | 1111111   | 2019-07-06 20:46:50 |
    +----+----------+----------+------------+-----------+---------------------+
    4 rows in set (0.00 sec)
#### length()
\--返回字符串的长度
    mysql> select length('xianzhi');
    +-------------------+
    | length('xianzhi') |
    +-------------------+
    |                 7 |
    +-------------------+
    1 row in set (0.00 sec)
    mysql> select * from user where length(username)=4;
    +----+----------+----------+------------+-----------+---------------------+
    | id | username | password | number     | classinfo | createdata          |
    +----+----------+----------+------------+-----------+---------------------+
    | 82 | 5555     | 123456   | 3117004597 | 170806    | 2019-07-06 20:45:50 |
    | 83 | 9999     | 123456   | 3117004598 | 170806    | 2019-07-06 20:46:14 |
    +----+----------+----------+------------+-----------+---------------------+
    2 rows in set (0.00 sec)
#### Substr()
\--截取字符串
三个参数 （所要截取字符串，截取的位置，截取的长度）
    mysql> select substr('abcdefghijk',4,8);
    +---------------------------+
    | substr('abcdefghijk',4,8) |
    +---------------------------+
    | defghijk                  |
    +---------------------------+
    1 row in set (0.00 sec)
    mysql> select substr(username,1,2)from user;
    +----------------------+
    | substr(username,1,2) |
    +----------------------+
    | 古日                 |
    | 55                   |
    | 99                   |
    | 安卓                 |
    +----------------------+
    4 rows in set (0.00 sec)
#### Ascii()
\--返回字符串的ascii码
    mysql> select ascii(9);
    +----------+
    | ascii(9) |
    +----------+
    |       57 |
    +----------+
    1 row in set (0.00 sec)
    mysql> select ascii(substr(username,1,2))from user;
    +-----------------------------+
    | ascii(substr(username,1,2)) |
    +-----------------------------+
    |                         229 |
    |                          53 |
    |                          57 |
    |                         229 |
    +-----------------------------+
    4 rows in set (0.00 sec)
## 参考资料